permalink,name,homepage_url,category_list,funding_total_usd,status,country_code,state_code,region,city,funding_rounds,founded_at,first_funding_at,last_funding_at
-fame,#fame,http://livfame.com,Media,10000000,operating,IND,16,Mumbai,Mumbai,1,,2015-01-05,2015-01-05
-qounter,:Qounter,http://www.qounter.com,Application Platforms@@Real Time@@Social Network Media,700000,operating,USA,DE,DE - Other,Delaware City,2,2014-09-04,2014-03-01,2014-10-14
-the-one-of-them-inc-,"(THE) ONE of THEM,Inc.",http://oneofthem.jp,Apps@@Games@@Mobile,3406878,operating,,,,,1,,2014-01-30,2014-01-30
0-6-com,0-6.com,http://www.0-6.com,Curated Web,2000000,operating,CHN,22,Beijing,Beijing,1,2007-01-01,2008-03-19,2008-03-19
004-technologies,004 Technologies,http://004gmbh.de/en/004-interact,Software,-,operating,USA,IL,"Springfield, Illinois",Champaign,1,2010-01-01,2014-07-24,2014-07-24
01games-technology,01Games Technology,http://www.01games.hk/,Games,41250,operating,HKG,,Hong Kong,Hong Kong,1,,2014-07-01,2014-07-01
0ndine-biomedical-inc,Ondine Biomedical Inc.,http://ondinebio.com,Biotechnology,762851,operating,CAN,BC,Vancouver,Vancouver,2,1997-01-01,2009-09-11,2009-12-21
0xdata,H2O.ai,http://h2o.ai/,Analytics,33600000,operating,USA,CA,SF Bay Area,Mountain View,4,2011-01-01,2013-01-03,2015-11-09
1,One Inc.,http://whatis1.com,Mobile,1150050,operating,USA,CA,SF Bay Area,San Francisco,3,2011-08-01,2011-07-20,2014-02-05
1-2-3-listo,"1,2,3 Listo",http://www.123listo.com,E-Commerce,40000,operating,CHL,12,Santiago,Las Condes,1,2012-01-01,2013-02-18,2013-02-18
1-4-all,1-4 All,,Entertainment@@Games@@Software,-,operating,USA,NC,NC - Other,Connellys Springs,1,,2013-04-21,2013-04-21
1-618-technology,1.618 Technology,http://www.Homeandcondogallery.com,Networking@@Real Estate@@Web Hosting,-,operating,USA,FL,Orlando,Orlando,1,2013-12-07,2014-01-22,2014-01-22
1-800-dentist,1-800-DENTIST,http://www.1800dentist.com,Health and Wellness,-,operating,USA,CA,Los Angeles,Los Angeles,1,1986-01-01,2010-08-19,2010-08-19
1-800-doctors,1-800-DOCTORS,http://1800doctors.com,Health and Wellness,1750000,operating,USA,NJ,Newark,Iselin,1,1984-01-01,2011-03-02,2011-03-02
1-800-publicrelations-inc-,"1-800-PublicRelations, Inc.",http://www.1800publicrelations.com,Internet Marketing@@Media@@Public Relations,6000000,operating,USA,NY,New York City,New York,1,2013-10-24,2015-02-01,2015-02-01
1-mainstream,1 Mainstream,http://www.1mainstream.com,Apps@@Cable@@Distribution@@Software,5000000,acquired,USA,CA,SF Bay Area,Cupertino,1,2012-03-01,2015-03-17,2015-03-17
1-of-99,1 of 99,,Entertainment@@Games,100000,operating,USA,CA,SF Bay Area,Mountain View,1,2014-12-01,2014-12-13,2014-12-13
10-20-media,10-20 Media,http://www.10-20media.com,E-Commerce,2050000,operating,USA,MD,Baltimore,Woodbine,4,2001-01-01,2009-06-18,2011-12-28
10-minutes-with,10 Minutes With,http://10minuteswith.com,Education,4400000,operating,GBR,H9,London,London,2,2013-01-01,2013-01-01,2014-10-09
1000-corks,1000 Corks,http://1000corks.com,Search,40000,operating,USA,OR,"Portland, Oregon",Lake Oswego,1,2008-01-01,2011-08-23,2011-08-23
1000-markets,1000 Markets,http://www.1000markets.com,Art@@E-Commerce@@Marketplaces,500000,acquired,USA,WA,Seattle,Seattle,1,2009-01-01,2009-05-15,2009-05-15
1000chi,Beijing 1000CHI Software Technology,http://www.1000chi.com/,Mobile,43923865,operating,,,,,1,2008-01-01,2010-04-01,2010-04-01
1000lookz,1000Lookz,http://1000lookz.com,Beauty,-,operating,IND,25,Chennai,Chennai,1,2008-01-01,2013-07-22,2013-07-22
1000memories,1000memories,http://1000memories.com,Curated Web,2535000,acquired,USA,CA,SF Bay Area,San Francisco,2,2010-07-01,2010-01-01,2011-02-16
1000museums-com,1000museums.com,http://www.1000museums.com,Curated Web,6795451,operating,USA,MA,MA - Other,Lenox,9,2008-01-01,2009-10-14,2015-11-13
1001-menus,ZenChef,http://zenchef.com/en/,Local Businesses@@Restaurants,10661772.8991108,operating,FRA,A8,Paris,Paris,5,2010-11-20,2012-12-15,2015-11-04
1001pharmacies-com,1001pharmacies.com,http://www.1001pharmacies.com/,Cosmetics@@Marketplaces,8900000,operating,FRA,A9,Montpellier,Montpellier,1,2012-01-01,2015-07-09,2015-07-09
1006-tv,1006.tv,http://www.1006.tv/,Games@@Media,10000000,operating,CHN,22,Beijing,Beijing,3,2009-01-01,2011-01-01,2014-07-31
100du-tv,100du.tv,http://www.100du.com,Hospitality,3000000,operating,CHN,23,Shanghai,Shanghai,2,,2008-01-07,2010-08-13
100e-com,100e.com,http://www.100e.com,Education,4500000,operating,CHN,22,Beijing,Beijing,2,,2006-01-01,2006-09-01
100health,Redox,http://www.redoxengine.com,Health Care@@Health Care Information Technology@@Hospitals,4000000,operating,USA,WI,Madison,Madison,2,2014-07-04,2014-11-26,2015-10-20
100plus,100Plus,http://www.100plus.com,Analytics,1250000,acquired,USA,CA,SF Bay Area,San Francisco,2,2011-09-16,2011-11-02,2011-11-30
1010data,1010data,http://www.1010data.com,Software,35000000,acquired,USA,NY,New York City,New York,1,2000-01-01,2010-03-08,2010-03-08
10alike,Cliptone,http://www.cliptone.me/,Advertising@@Image Recognition@@Sales and Marketing@@Social Media@@Social Media Advertising,-,operating,CAN,ON,Toronto,Toronto,2,2012-03-03,2013-01-01,2014-01-01
10bestthings,10BestThings,http://10bestthings.com,Curated Web,50000,closed,USA,OH,Cleveland,Cleveland,1,2009-04-01,2009-04-01,2009-04-01
10k-2,Beans Around,http://beansaround.com/,Coffee@@Delivery@@Subscription Service,100000,operating,,,,,1,2015-04-01,2015-09-04,2015-09-04
10sec,10sec,https://10s.ec/,E-Commerce@@Mobile Commerce@@Social Commerce,1600000,operating,USA,CA,SF Bay Area,San Francisco,2,2013-07-08,2013-10-31,2014-05-08
10seconds-software,10seconds Software,http://www.10secondsSoftware.com,Enterprise Software@@Mobility@@Software,100000,operating,AUS,2,Sydney,Sydney,1,2009-07-01,2010-07-01,2010-07-01
10six,10Six,http://10sixenergy.com,Batteries@@Electronics@@Energy,-,operating,USA,NY,New York City,New York,1,,2014-02-01,2014-02-01
10tracks-2,10tracks,http://10tracks.com,iOS@@Mobile@@Music,-,operating,,,,,2,2012-01-01,2013-07-31,2014-02-03
10x-genomics,10X Genomics,http://10xgenomics.com,Biotechnology@@Technology,55000000,operating,USA,CA,SF Bay Area,Pleasanton,1,2012-01-01,2015-01-12,2015-01-12
10x-technologies,10X Technologies,http://10xtechnologies.com,Biotechnology,3550000,operating,USA,CA,SF Bay Area,Oakland,2,2012-01-01,2012-11-07,2015-01-12
10x10-room,10X10 Room,http://10x10room.com,Software,77500,operating,USA,MA,Boston,Lexington,1,2010-01-01,2011-10-12,2011-10-12
10°north,10°North,,Fashion,-,operating,CAN,ON,Toronto,Mississauga,1,2013-01-05,2014-08-12,2014-08-12
11-health,11 Health,http://www.11health.com,Health and Wellness,1958909,operating,GBR,H9,London,London,1,,2015-08-20,2015-08-20
115-network-disks,115 network disks,http://www.115.com/,EdTech@@Education,-,operating,,,,,1,,2011-11-01,2011-11-01
117go,117go,http://117go.com,Social Travel,20000000,operating,CHN,23,Shanghai,Shanghai,1,2011-10-01,2014-04-28,2014-04-28
11i-solutions,11i Solutions,http://www.11isolutions.com,Enterprise Software,1800000,closed,USA,AL,Huntsville,Huntsville,1,,2011-03-22,2011-03-22
12-labs,12 Labs,http://www.getapplause.com/,Health and Wellness@@Personal Health,935000,operating,USA,CA,SF Bay Area,Palo Alto,1,2014-08-01,2014-11-26,2014-11-26
12-star-survival,12 Star Survival,http://www.12starsurvival.com,Sports,-,operating,DNK,21,DNK - Other,Vinding,1,2013-07-17,2013-10-17,2013-10-17
120-sports,120 Sports,http://www.120sports.com,Sports,-,operating,USA,IL,Chicago,Chicago,1,2013-01-01,2014-02-20,2014-02-20
121-rentals,121 Rentals,,Real Estate,-,operating,USA,TX,TX - Other,Amarillo,1,2011-04-12,2014-09-03,2014-09-03
121cast,121cast,http://www.121cast.com,Audio@@Mobile@@Music,440000,operating,AUS,7,Melbourne,Melbourne,3,2012-02-01,2012-05-01,2013-06-30
121nexus,121nexus,http://www.121nexus.com,Health Diagnostics@@Medical Devices@@Personalization@@Pharmaceuticals@@Politics@@Software@@Technology,794000,operating,USA,RI,Providence,Providence,6,2011-10-07,2012-02-06,2014-01-01
1234enter,1234ENTER,http://www.1234enter.com.br,Advertising@@Analytics@@Business Services@@E-Commerce@@Education@@Internet Marketing@@Small and Medium Businesses,650267,operating,,,,,2,2012-01-01,2012-09-01,2013-11-22
123contactform,123ContactForm,http://www.123contactform.com,E-Commerce@@SaaS,1000000,operating,ROM,36,Timisoara,Timisoara,2,2008-01-01,2010-01-01,2015-06-16
123feng-com,123Feng.Com,http://123feng.com/,,13000000,operating,CHN,2,Hangzhou,Hangzhou,1,2014-01-01,2015-10-27,2015-10-27
123greetings,123Greetings,http://www.123greetings.com/,Internet,5400000,operating,,,,,1,1997-05-01,2015-07-23,2015-07-23
123people,yelster digital gmbh (former 123people),http://yelsterdigital.com,Local Search@@Software@@Web Design,-,acquired,AUT,9,Vienna,Vienna,1,2007-01-01,2008-01-01,2008-01-01
1248,1248,http://1248.io/index.php/?page=index,Software,378812,operating,GBR,C3,London,Cambridge,1,2013-01-01,2014-03-18,2014-03-18
128-technology,128 Technology,http://www.128technology.com/,Service Providers@@Technology,11999347,operating,USA,MA,Boston,Burlington,1,2014-07-07,2014-12-16,2014-12-16
12bis,12Bis,http://12bis.com,Publishing@@Services,130636,operating,FRA,A8,Paris,Paris,1,2008-01-01,2012-03-15,2012-03-15
12cm,12cm,http://www.echoss.co.kr,Mobile@@Service Providers@@Software,1809056,operating,KOR,13,Bundangdong,Bundangdong,1,,2014-12-11,2014-12-11
12return,12Return,http://www.12return.com,Consumer Goods@@Retail@@SaaS@@Software,619494,operating,NLD,11,NLD - Other,Gorinchem,1,2010-12-10,2012-06-01,2012-06-01
12society,12Society,http://www.12Society.com,E-Commerce,-,acquired,USA,CA,Los Angeles,West Hollywood,1,2012-01-01,2012-04-05,2012-04-05
1366-technologies,1366 Technologies,http://www.1366tech.com,Manufacturing,71450000,operating,USA,MA,Boston,Bedford,9,2007-01-01,2008-03-27,2015-04-09
139shop,139shop,http://www.139shop.com,E-Commerce,-,operating,CHN,,,,1,,2007-02-01,2007-02-01
13th-lab,13th Lab,http://13thlab.com,Augmented Reality@@Computer Vision@@Games@@iPad@@Mobile,700000,acquired,SWE,26,Stockholm,Stockholm,1,2010-01-01,2012-06-15,2012-06-15
140-proof,140 Proof,http://140proof.com,Advertising@@Big Data Analytics@@Interest Graph,5500000,operating,USA,CA,SF Bay Area,San Francisco,2,2010-01-11,2009-07-01,2011-04-28
140fire,140Fire,http://140fire.com,Advertising@@Entertainment@@Real Time@@Social Media@@Sports@@Video,500000,operating,USA,CA,Los Angeles,Santa Monica,1,2010-01-01,2010-05-05,2010-05-05
1417,1417,http://1417power.com,Finance@@Venture Capital,-,operating,USA,TN,Nashville,Brentwood,1,2012-01-12,2015-01-21,2015-01-21
15fen,15Fen,http://www.15fen.com/,,-,operating,CHN,30,Guangzhou,Guangzhou,1,,2013-12-15,2013-12-15
15five,15Five,http://15five.com,Software,3400000,operating,USA,CA,SF Bay Area,San Francisco,3,2011-05-01,2012-01-01,2014-10-02
15minutesnow,15MinutesNOW,http://15minutesnow.com,Games,200000,operating,,,,,1,2011-04-19,2011-05-10,2011-05-10
15shopstop,15ShopStop,http://15shopstop.com,Fashion,-,operating,USA,CA,Los Angeles,Los Angeles,1,2014-11-17,2014-11-17,2014-11-17
16-mile-solutions,16 Mile Solutions,,Software,199957,operating,USA,WA,Seattle,Seattle,1,2006-01-01,2009-06-11,2009-06-11
169-st,169 ST.,http://www.junebugreview.com,Entertainment@@Games,50000,closed,USA,FL,Orlando,Lake Mary,1,2009-05-15,2009-06-01,2009-06-01
16lab-inc-,16Lab Inc.,http://16lab.net,Design@@Development Platforms@@Wearables,-,operating,JPN,19,JPN - Other,Kamakura,1,2013-04-24,2014-11-26,2014-11-26
16wifi,16WiFi,,Public Transportation,16000000,operating,CHN,22,Beijing,Beijing,1,2011-01-01,2015-06-05,2015-06-05
17-media,17 Media,http://17.media,,10000000,operating,,,,,1,2015-07-15,2015-11-05,2015-11-05
170-systems,170 Systems,http://www.170systems.com,Software,14000000,acquired,USA,MA,Boston,Bedford,1,1990-01-01,2002-04-16,2002-04-16
17hats,17hats,https://www.17hats.com,Internet,5250000,operating,USA,CA,Los Angeles,Los Angeles,2,2014-01-01,2015-02-18,2015-10-15
17u-cn,17u.cn,http://www.17u.cn,Travel,84440319,operating,CHN,4,Shanghai,Suzhou,3,2004-01-01,2008-01-01,2014-02-17
17zuoye,17zuoye,http://www.17zuoye.com/,Education@@Language Learning,135000000,operating,USA,VA,VA - Other,Shanghai,5,2007-01-01,2011-01-01,2015-02-19
1800diapers,1800Diapers,,Baby Accessories@@Kids,7000000,operating,,,,,1,,2007-12-04,2007-12-04
180solutions,180Solutions,,Advertising@@Advertising Platforms@@Promotional,40000000,closed,USA,WA,Seattle,Bellevue,1,,2004-04-05,2004-04-05
1871,1871,http://www.1871.com,Designers@@Internet@@Non Profit@@Startups,2500000,operating,USA,IL,Chicago,Chicago,1,,2014-06-17,2014-06-17
19pay,19pay,http://www.19pay.com.cn,Finance@@FinTech,9478511,operating,CHN,22,Beijing,Beijing,3,2005-01-01,2006-01-01,2013-07-01
1bib,1bib,http://www.1bib.com,Cars@@Curated Web,-,closed,CHN,30,Guangzhou,Guangzhou,1,2006-01-01,2008-02-07,2008-02-07
1bog,One Block Off the Grid (1BOG),http://1bog.org,Clean Technology@@Residential Solar,5000000,closed,USA,CA,SF Bay Area,San Francisco,1,2008-11-01,2010-02-11,2010-02-11
1c-company,1C Company,http://1c.ru/eng,Games@@Software@@Video Games,200000000,closed,RUS,48,Moscow,Moscow,1,1991-01-01,2011-10-03,2011-10-03
1calendar,1calendar,http://1calendar.com,Advertising@@Education@@Internet@@Mobile,40000,operating,DNK,17,Copenhagen,Copenhagen,1,2009-01-19,2008-04-04,2008-04-04
1cast,1Cast,http://www.1cast.com,Content@@Lifestyle@@News@@Video,-,closed,USA,WA,Seattle,Kirkland,1,2006-06-01,2008-08-12,2008-08-12
1click,1CLICK,http://1click.io,Chat@@Mobile,-,acquired,IND,19,Bangalore,Bangalore,1,2012-11-01,2014-01-26,2014-01-26
1cloudstar-asia,1CloudStar,http://www.1CloudStar.com,Cloud Computing@@Content@@Digital Media@@Enterprise Software@@File Sharing@@Search,-,operating,SGP,,Singapore,Singapore,1,2012-01-01,2013-08-01,2013-08-01
1commmedical,1CommMedical,http://1commmedical.com,Health Care@@Insurance@@Medical,2500000,operating,USA,IA,Des Moines,Ankeny,1,2013-01-01,2015-04-27,2015-04-27
1d4-pty,1d4 Pty,http://www.immortaloutdoors.com,Geospatial@@Maps@@Outdoors,40000,operating,NOR,2,,,1,,2012-04-11,2012-04-11
1day1song,1Day1Song,http://1day1song.com/,Music Services,-,operating,KOR,11,Seoul,Seoul,1,2012-12-01,2013-12-01,2013-12-01
1daylater,1DayLater,http://1daylater.com,Curated Web@@Tracking,43811,closed,AUS,2,Sydney,Newcastle,2,2009-08-26,2009-05-01,2009-10-01
1daymakeover,1DayMakeover,http://www.1daymakeover.com,Cosmetics@@E-Commerce@@Fashion@@Lifestyle@@Personal Health@@Shopping,50000,closed,USA,CA,"Orange County, California",Santa Ana,1,2008-06-30,2008-06-30,2008-06-30
1doc3,1doc3,http://www.1doc3.com,Health and Wellness@@Health Care@@Internet@@SMS,37639,operating,COL,34,Bogota,Bogotá,1,2013-11-01,2014-05-21,2014-05-21
1docway,1DocWay,http://1docway.com,Doctors@@Health Care@@Health Care Information Technology@@Video@@Video Chat,1700000,acquired,USA,NY,New York City,New York,2,2011-02-01,2011-08-10,2015-07-21
1energy-systems,1Energy Systems,http://1energysystems.com,Software,1450000,operating,USA,WA,Seattle,Seattle,1,2010-01-01,2013-04-22,2013-04-22
1eq,Babyscripts,http://www.getbabyscripts.com,Health and Wellness@@Mobile Health,2100000,operating,USA,DC,"Washington, D.C.",Washington,3,2013-03-08,2013-03-11,2015-04-10
1jiajie,1jiajie,http://www.1jiajie.com,E-Commerce,4163132,operating,CHN,22,Beijing,Beijing,2,,2013-09-01,2014-09-16
1lay,1Lay,http://1lay.com,Mobile@@Mobile Devices@@Mobile Security@@Security@@Tablets,212000,operating,,,,,2,2013-07-18,2014-05-30,2015-11-02
1life-healthcare,1Life Healthcare,http://www.1life.com,Health and Wellness@@Health Care@@Services,30000000,operating,USA,CA,SF Bay Area,San Francisco,1,2002-01-01,2013-03-21,2013-03-21
1mind,1Mind,http://1mind.com,Social Media,500000,operating,USA,NH,"Manchester, New Hampshire",Hampton Falls,1,2011-01-01,2013-08-05,2013-08-05
1mpact-revolution-powering-helpfreely-org,1mpact Revolution - Powering Helpfreely.org,http://www.1mpactrevolution.com,Non Profit@@Online Shopping@@Social Fundraising,761234.47320427,operating,ESP,53,Las Palmas De Gran Canaria,Las Palmas De Gran Canaria,4,2013-09-01,2013-09-10,2015-11-01
1mxians,1mxians,http://www.1mxian.com/,,15000000,operating,CHN,22,Beijing,Beijing,1,2014-01-01,2015-12-02,2015-12-02
1o1media,1o1Media,http://www.1o1media.com,Content@@Distribution@@Film@@Marketplaces@@Monetization@@Photography@@Video@@Video on Demand,-,operating,,,,,1,2012-01-01,2013-10-01,2013-10-01
1rebel,1Rebel,http://1rebelco.uk,Fitness,2572969,operating,GBR,H9,London,London,1,,2014-09-01,2014-09-01
1ring,1Ring,http://www.1ring.com,Advertising@@Contests@@Curated Web@@Games@@Mobile@@Music@@News@@Sales and Marketing@@Startups@@Television,-,operating,,,,,1,2009-05-01,2011-02-21,2011-02-21
1rp-media,1RP Media,,,-,operating,USA,CA,Los Angeles,Los Angeles,1,2011-01-01,2012-06-29,2012-06-29
1sdk,1SDK,http://www.1sdk.com,Mobile@@Mobile Analytics@@Predictive Analytics@@SaaS,156000,operating,,,,,2,2013-01-25,2013-08-05,2013-09-02
1spire,1spire,http://bitmado.com,Manufacturing,30000,operating,USA,TX,Houston,Houston,1,2011-10-01,2011-12-20,2011-12-20
1st-choice-lawn-care,1st Choice Lawn Care,,Landscaping@@Services,-,operating,USA,LA,Shreveport,Bossier City,1,2012-08-01,2012-07-22,2012-07-22
1st-merchant-funding,1st Merchant Funding,https://www.1stmerchantfunding.com/,Financial Services@@FinTech,10000000,operating,USA,FL,Miami,Miami,1,2007-01-01,2014-05-07,2014-05-07
1stdibs,1stdibs,http://www.1stdibs.com,E-Commerce,117000000,operating,USA,NY,New York City,New York,5,2001-01-01,2011-11-03,2015-09-09
1stgig-com,1stGig.com,http://www.1stgig.com,E-Commerce,750000,operating,USA,NY,"Albany, New York",Saratoga Springs,1,2009-08-01,2012-10-01,2012-10-01
1v1-draft-gaems,1V1 DRAFT GAEMS,http://1V1GRAFTGAMES.COM,,-,operating,USA,NC,Asheville,Asheville,1,2014-09-19,2014-08-28,2014-08-28
1world-online,1World Online,http://1worldonline.com,Analytics@@Big Data@@Enterprise Software@@Market Research@@Mobile@@Software,4000000,operating,USA,CA,SF Bay Area,San Jose,3,2011-12-01,2013-07-02,2015-08-13
2-ladoshki,2 Ladoshki,,,-,operating,,,,,1,,2013-12-24,2013-12-24
2-minutes,2 Minutes,http://www.2minutes.fr,Games,1660000,operating,FRA,A8,Paris,Paris,1,2000-10-01,2008-06-19,2008-06-19
2-ngage-u,2NGageU,http://www.2ngageu.com,Consumers@@Entertainment@@Games@@Internet@@MMO Games@@Mobile@@Mobile Social@@Social + Mobile + Local@@Social Network Media@@Women,58000,operating,USA,VT,VT - Other,Williston,1,2011-12-26,2012-04-12,2012-04-12
2-observe,2-Observe,http://www.2-observe.be/,Design@@Health and Wellness@@Health Care@@Hospitals@@Medical Devices,204189,operating,BEL,4,BEL - Other,Ferrières,1,2010-01-01,2014-06-25,2014-06-25
2-pro-media-group,2 Pro Media Group,http://www.2pro.hk,Digital Media@@Marketing Automation@@Media,41250,operating,,,,,1,2011-01-01,2014-01-01,2014-01-01
20-20-gene-systems-inc,20/20 Gene Systems Inc.,http://2020gene.com,Biotechnology@@Health Diagnostics,4345427,operating,USA,MD,"Washington, D.C.",Rockville,3,2000-05-01,2012-09-25,2015-10-30
20-20-mobile,20:20 Mobile,http://www.2020mobile.com,Mobile,29750000,operating,IRL,23,IRL - Other,Cree,1,2006-09-01,2008-07-04,2008-07-04
2080-media,2080 Media,,News,51507046,operating,USA,GA,Atlanta,Atlanta,7,2008-01-01,2010-08-05,2015-11-30
20lines,20lines,http://20lines.com,Curated Web@@Education@@Parenting@@Publishing,1236454,operating,ITA,20,Roncade,Roncade,3,2012-01-01,2012-11-15,2014-06-01
20n,20n,http://20n.com/,Technology,2220000,operating,USA,CA,SF Bay Area,San Francisco,2,,2014-12-01,2015-05-01
20x200,20x200,http://www.20x200.com,Art@@E-Commerce@@Social Commerce,2800000,operating,USA,NY,New York City,New York,2,2007-09-01,2009-10-01,2010-08-01
2100b-com-llc,2100b Sausalito LLC.,http://2100b.com,Advertising@@Direct Marketing@@Social Media,50000,closed,USA,CA,SF Bay Area,Sausalito,2,2011-06-15,2013-01-01,2013-01-01
21cake-food-co,21Cake Food Co.,http://www.21cake.com,Delivery@@Hospitality@@Manufacturing,1464128,operating,CHN,22,Beijing,Beijing,1,2004-01-01,2010-01-22,2010-01-22
21diamonds-india,21Diamonds,http://www.21diamonds.de,E-Commerce,6369507,operating,IND,10,New Delhi,Gurgaon,1,2012-06-01,2012-11-15,2012-11-15
21e6,21 Inc,https://21.co,Big Data@@Bitcoin@@Hardware + Software@@Technology,121050000,operating,USA,CA,SF Bay Area,San Francisco,2,2013-05-01,2013-11-17,2015-03-10
21grams,21GRAMS,http://www.21grams.se,Software,2580000,operating,SWE,26,Stockholm,Stockholm,1,,2006-04-03,2006-04-03
21st-century-oncology,21st Century Oncology,http://21stcenturyoncology.com,Health and Wellness,325000000,operating,USA,FL,Fort Myers,Fort Myers,1,,2014-09-26,2014-09-26
21vianet,21viaNet,http://www.ch.21vianet.com,Software@@Web Hosting,396000000,ipo,CHN,22,Beijing,Beijing,5,2009-10-16,2008-02-13,2014-12-04
22nd-century-group,22nd Century Group,http://www.xxiicentury.com,Biotechnology,15034750,ipo,USA,NY,NY - Other,Clarence,6,1998-01-01,2010-12-28,2014-09-18
22seeds,22seeds,http://www.22seeds.com,Android@@Apps@@Internet@@iPhone@@Mobile@@Sales and Marketing@@Software@@Web Development@@Web Tools,250000,closed,ISR,5,Tel Aviv,Tel Aviv,1,2010-01-01,2013-10-15,2013-10-15
2345-com,2345.com,http://www.2345.com,Software,1610541,operating,CHN,23,Shanghai,Shanghai,2,2005-09-01,2010-05-01,2010-10-01
2359-media,2359 Media,http://www.2359media.com,Mobile,615000,operating,SGP,,Singapore,Singapore,1,2009-02-01,2011-01-11,2011-01-11
23andme,23andMe,http://23andme.com,Biotechnology@@Search,227049900,operating,USA,CA,SF Bay Area,Mountain View,8,2006-04-01,2005-11-02,2015-07-03
23press,23press,http://www.23press.com,Blogging Platforms@@Software,50000,operating,CAN,ON,Toronto,Toronto,1,2011-06-01,2011-08-15,2011-08-15
24-7-card,24/7 Card,http://www.247card.com,Finance,3452941,closed,USA,CA,Los Angeles,Los Angeles,3,,2010-10-25,2011-12-21
24-7-customer,[24]7,http://247-inc.com,Customer Service@@Predictive Analytics@@Services@@Software@@Technology,-,operating,USA,CA,SF Bay Area,Campbell,1,2000-04-01,2003-07-01,2003-07-01
24-hour-pro-muscle-gym,24 Hour Pro Muscle Gym,http://24hourpromusclegym.com,Sports,-,operating,USA,FL,Florida's Space Coast,Rockledge,1,2014-07-15,2014-10-23,2014-10-23
24-media-network,24 Media Network,http://nyheter24.se,News,1209701,operating,SWE,26,Stockholm,Stockholm,2,,2008-09-01,2009-01-01
24-quan,24 Quan,,Real Estate,-,operating,,,,,2,,2010-05-01,2011-11-01
247-learning-private,24x7 Learning,http://www.24x7learning.com,EdTech@@Education@@Systems,4000000,operating,IND,19,Bangalore,Bangalore,1,2001-01-01,2007-11-06,2007-11-06
247-techies,247 Techies,http://www.247techies.com,Hardware + Software,600000,operating,USA,NY,New York City,New York,1,,2012-11-05,2012-11-05
248-solidstate,248 SolidState,,Computers@@Software@@Technology,500000,operating,USA,CA,Los Angeles,Rolling Hills Estates,1,2007-01-01,2009-07-23,2009-07-23
24fab,24fab,https://www.24fab.com/,,-,operating,ESP,29,Madrid,Madrid,2,,2014-09-11,2015-07-20
24fundraiser-com,24Fundraiser.com,http://www.24Fundraiser.com,Non Profit@@Social Fundraising,400000,operating,USA,IL,Chicago,Willowbrook,1,2007-08-01,2014-05-01,2014-05-01
24h00,24h00,http://www.boosket.com/,Advertising@@E-Commerce@@Marketing Automation,-,closed,FRA,A8,Paris,Paris,1,2006-01-01,2006-08-01,2006-08-01
24i,24i,http://www.24i.com/,Internet,2000000,operating,NLD,7,Amsterdam,Amsterdam,1,2009-01-01,2015-04-10,2015-04-10
24m-technologies,24M Technologies,http://24-m.com,Clean Technology,16000000,operating,USA,MD,Salisbury,Cambridge,1,2010-01-01,2010-08-16,2010-08-16
24me,24me,http://www.twentyfour.me,Artificial Intelligence@@Big Data@@Marketplaces@@Productivity,-,operating,,,,,1,2013-01-01,2014-05-02,2014-05-02
24med-sp,24med Sp,,,-,closed,,,,,1,,2008-01-01,2008-01-01
24pagebooks,24PageBooks,http://24pagebooks.com,Software,50000,closed,USA,NY,"Rochester, New York",Rochester,1,2010-01-01,2011-05-24,2011-05-24
24symbols,24Symbols,http://www.24symbols.com,Software@@Textbooks,2942768.88931116,operating,ESP,29,Madrid,Madrid,3,2010-08-07,2010-10-20,2013-05-15
24tidy,24tidy,http://24tidy.com,Services,1856561,operating,CHN,,,,2,,2013-12-27,2014-07-14
250ok,250ok,http://250ok.com,Software,300000,operating,USA,IN,Indianapolis,Indianapolis,2,2012-01-01,2012-09-01,2014-03-01
25eight,25eight,http://25eightsoftware.com,DIY@@Electronics@@Software,25000,closed,USA,CA,SF Bay Area,San Francisco,1,,2010-01-26,2010-01-26
265-network,265 Network,http://www.265.com,Software,2000000,operating,CHN,22,Beijing,Beijing,1,2004-01-01,2004-12-01,2004-12-01
27-bards,27 bards,http://27bards.com,Software@@Tourism,-,operating,USA,CA,SF Bay Area,Stanford,1,2011-01-01,2012-11-06,2012-11-06
27-perry,27 Perry,http://www.27perry.com,E-Commerce@@Finance@@Marketplaces,118000,closed,USA,CO,Denver,Boulder,1,2012-07-25,2012-05-17,2012-05-17
280-north,280 North,http://280north.com,Presentations@@Software,250000,acquired,USA,CA,SF Bay Area,San Francisco,2,,2008-01-01,2008-03-01
28msec,28msec,http://www.28msec.com,Cloud Computing@@Databases@@Software@@Web Development,5844811,operating,USA,CA,SF Bay Area,Palo Alto,1,2008-01-01,2013-10-28,2013-10-28
29west,29West,http://www.informatica.com/us/products/messaging/#fbid=UCXENH4s-Pb,,-,acquired,,,,,1,,2007-03-15,2007-03-15
2adpro-media-solutions,2AdPro Media Solutions,http://www.2adpro.com,Ad Targeting@@Advertising@@Advertising Platforms@@Design@@Digital Media@@Marketing Automation@@Mobile Advertising@@SaaS@@Web Design,-,operating,USA,CA,Los Angeles,Woodland Hills,1,2006-09-01,2008-03-31,2008-03-31
2b-angels,2B Angels,http://www.2b-angels.com,,-,operating,ISR,5,Tel Aviv,Tel Aviv,1,2009-01-01,2013-11-01,2013-11-01
2c2p,2C2P,http://www.2c2p.com,E-Commerce@@Mobile Commerce@@Payments@@Software,10000000,operating,SGP,,,,3,2003-01-01,2011-01-01,2015-04-27
2can,2can,http://2can.ru,Credit Cards@@Mobile,8300000,operating,RUS,48,Moscow,Moscow,3,2012-04-12,2012-09-01,2015-11-18
2catalyze,2Catalyze,,Software,6785876,operating,CAN,ON,Toronto,Toronto,1,2008-01-01,2010-08-25,2010-08-25
2checkout-com,2Checkout,http://www.2checkout.com,E-Commerce,72000000,operating,USA,OH,"Columbus, Ohio",Columbus,2,1999-01-01,2014-07-16,2015-09-15
2code-online,2CODE Online,http://www.2codeonline.com,Internet@@Software@@Web Development,-,operating,,,,,1,2008-10-01,2008-01-01,2008-01-01
2crisk,2CRisk,http://www.2crisk.com.au,Software,383000,operating,AUS,4,Brisbane,Brisbane,2,2010-07-01,2010-04-01,2012-10-10
2d2c,2d2c,http://www.2d2c.com,Hardware + Software,2941000,operating,USA,IL,Chicago,Lincolnshire,3,,2009-04-07,2011-01-18
2degreesmobile,2degreesmobile,http://www.2degreesmobile.co.nz/home,Mobile,165000000,operating,NZL,E7,Auckland,Auckland,1,2009-01-01,2013-06-18,2013-06-18
2dheat,2DHeat,http://www.2dheat.com/,Clean Technology,474116.56105524,operating,GBR,P2,Warrington,Warrington,4,,2014-10-24,2014-10-24
2duche,2Duche,http://www.2duche.com,E-Commerce,-,operating,CHN,23,Shanghai,Shanghai,2,,2006-06-01,2010-08-01
2go-software-solutions,2GO Mobile Solutions,http://www.2gosoftware.com,Software,275000,operating,USA,TX,Dallas,Plano,1,2008-01-01,2010-04-09,2010-04-09
2heuresavant,2heuresavant,http://www.2heuresavant.com/spectacles,Discounts@@Entertainment@@Internet@@Ticketing,33457,operating,FRA,A8,Paris,Paris,1,2010-01-01,2010-07-01,2010-07-01
2houses,2houses,http://www.2houses.com,Curated Web,966728,operating,BEL,1,Brussels,Bel,2,2011-05-01,2011-08-08,2012-11-09
2lemetry,2lemetry,http://2lemetry.com,Internet of Things@@M2M@@Software,4000000,acquired,USA,CO,Denver,Denver,1,2011-09-01,2015-01-09,2015-01-09
2mee,2mee,,Content@@Software@@Sports,100000,closed,,,,,1,,2015-04-16,2015-04-16
2morrow-mobile,2Morrow Inc,http://www.2morrowinc.com,Application Platforms@@Health and Wellness@@Mobile@@Mobile Health@@Software,300000,operating,USA,WA,Seattle,Kirkland,2,2012-01-01,2014-05-15,2015-03-16
2nd-chance-solutions,2nd Chance Solutions,,Health and Wellness,-,operating,USA,IL,Chicago,Lockport,1,2015-01-31,2015-01-11,2015-01-11
2nd-screen-games,2nd Screen Games,http://www.2ndsg.com,,-,closed,USA,CA,SF Bay Area,San Francisco,1,,2012-12-01,2012-12-01
2nd-story-software-inc,"2nd Story Software, Inc.",http://www.taxact.com,Software,85000000,acquired,USA,IA,Cedar Rapids,Cedar Rapids,1,1998-02-15,2005-03-30,2005-03-30
2nd-watch,2nd Watch,http://2ndwatch.com,Cloud Infrastructure@@Corporate IT@@Enterprise Software,37644420,operating,USA,WA,Seattle,Seattle,4,2010-01-01,2011-12-06,2014-10-14
2ndnature,2NDNATURE,http://www.2ndnaturellc.com,Landscaping@@Natural Resources,20000,operating,USA,CA,SF Bay Area,Santa Cruz,1,2004-01-01,2013-03-31,2013-03-31
2nite2nite-net,2Nite2Nite.net,http://www.2nite2nite.net,Advertising@@Media,6000,operating,USA,CA,Sacramento,Elk Grove,1,2013-09-13,2014-09-13,2014-09-13
2pm-technologies,2pm Technologies,,SaaS@@Technology@@Telecommunications,3167062,closed,IRL,10,IRL - Other,Ballinasloe,1,1999-11-23,2002-11-01,2002-11-01
2redbeans,2RedBeans,http://www.2redbeans.com/en,Curated Web@@Online Dating@@Social Network Media,2300000,operating,USA,CA,SF Bay Area,Dublin,1,2010-08-01,2014-10-15,2014-10-15
2sms,2sms,http://2sms.com,Messaging,939000,operating,USA,IL,Chicago,Schaumburg,1,,2007-11-01,2007-11-01
2theloo,2theloo,http://www.2theloo.com,Hospitality,-,operating,,,,,1,2011-02-17,2013-07-10,2013-07-10
2threads,2threads,http://www.2threads.com,Art@@Beauty@@Fashion@@Lifestyle@@Music@@Social Media@@Social Network Media,300000,operating,AUS,2,Sydney,Sydney,2,2004-05-01,2007-08-01,2008-06-01
2u,2U Inc.,http://2u.com,EdTech@@Education@@Software,95875000,ipo,USA,MD,MD - Other,Hyattsville,6,2008-01-01,2009-03-25,2013-10-21
2vancouver,2Vancouver,http://2vancouver.com,E-Commerce@@Navigation@@Tourism,80000,operating,CAN,BC,Vancouver,Vancouver,1,2012-01-25,2011-06-01,2011-06-01
2web-technologies,2Web Technologies,,Software,-,acquired,,,,,1,,2001-12-01,2001-12-01
2win-solutions,2Win-Solutions,http://www.TicTacDo.com,Collaboration@@Networking@@Project Management@@SaaS@@Software@@Task Management,-,closed,ISR,2,Tel Aviv,Ra'anana,1,,2008-01-01,2008-01-01
2wire,2Wire,http://www.2wire.com,Curated Web,162000000,acquired,USA,CA,SF Bay Area,San Jose,5,,1999-11-01,2003-05-12
3-day-blinds,3 day Blinds,http://www.3dayblinds.com,Interior Design@@Retail@@Services,-,acquired,USA,CA,Anaheim,Irvine,1,1984-01-01,1998-03-13,1998-03-13
3-four-5-group,3 Four 5 Group,http://beegreenenergyllc.com/,Energy@@Energy Efficiency@@Solar,-,operating,USA,NV,Las Vegas,Las Vegas,1,2012-12-04,2013-10-21,2013-10-21
3-kinds-of-ice,3 Kinds of Ice,http://www.3kindsofice.com,,-,closed,GBR,H9,London,London,1,2015-01-10,2015-01-10,2015-01-10
3-minute,3 Minute,http://3minute-inc.com/,Internet,-,operating,JPN,40,Tokyo,Tokyo,1,,2015-02-12,2015-02-12
3-v-biosciences,3-V Biosciences,http://www.3vbio.com,Biotechnology,128477567,operating,USA,CA,SF Bay Area,Menlo Park,7,2007-03-01,2007-05-22,2015-03-17
30-second-showcase,30 Second Showcase,http://www.30secondshowcase.com,Apps@@Creative@@Design@@Finance@@Mobile@@Photography@@Software,25000,operating,USA,NJ,Newark,Clifton,1,2013-04-01,2013-05-20,2013-05-20
303-luxury-car-service,303 Luxury Car Service,http://www.303luxurycarservice.com/,Transportation,-,operating,USA,CO,Denver,Denver,1,2013-09-16,2013-10-25,2013-10-25
30secondstofly-claire,30SecondsToFly - Claire,http://www.30secondstofly.com,,-,closed,,,,,1,2015-04-15,2015-09-30,2015-09-30
312-capital,312 Capital,http://www.312capital.com/,Finance@@FinTech,500000,operating,USA,IL,Chicago,Chicago,1,2013-01-23,2014-09-16,2014-09-16
31dover,31Dover,http://www.31dover.com,E-Commerce@@Wine And Spirits,2274716,operating,GBR,H9,London,London,1,2012-07-01,2014-03-01,2014-03-01
321lend-inc,"321Lend, Inc.",http://www.321lend.com,FinTech@@Peer-to-Peer@@Personal Finance@@Venture Capital,-,operating,USA,CA,SF Bay Area,San Francisco,1,2014-03-01,2015-02-16,2015-02-16
3225-films,3225 films,,Entertainment@@News@@Photography@@Video,-,operating,USA,PA,Philadelphia,Philadelphia,1,2010-09-01,2010-08-13,2010-08-13
33across,33Across,http://www.33across.com,Advertising@@Advertising Platforms@@Content Discovery@@Internet@@Social Media@@Social Media Platforms@@Social Network Media,25654560,operating,USA,NY,New York City,New York,5,2007-09-01,2009-02-06,2012-07-19
33coupons,33Coupons,http://33coupons.in,Internet,20000,operating,IND,36,Kanpur,Kanpur,1,2015-05-01,2015-07-06,2015-07-06
360cities,360Cities,http://360cities.net,Curated Web@@Maps@@Photography@@Virtual Worlds,-,operating,CZE,52,Prague,Prague,1,2007-01-01,2007-12-01,2007-12-01
360commerce,360Commerce,,Information Technology@@Retail@@Software,15000000,acquired,USA,TX,Austin,Austin,2,,2001-01-01,2003-10-29
360fly-inc,"360fly, Inc.",http://www.360fly.com,Consumer Electronics@@Software,17800000,operating,USA,PA,Pittsburgh,Pittsburgh,1,1998-01-01,2014-08-11,2014-08-11
360guanxi,360Guanxi,http://www.360guanxi.com/index.html,Biotechnology@@Life Sciences@@Media@@News@@Pharmaceuticals,5000000,operating,CHN,23,Shanghai,Shanghai,1,2000-01-01,2009-06-01,2009-06-01
360imaging,360imaging,http://www.360imaging.com,Biotechnology@@Dental,1000000,operating,USA,GA,Atlanta,Atlanta,2,2005-01-01,2011-11-01,2013-01-01
360incentives-com,360incentives.com,http://www.360incentives.com,Software,7650000,operating,CAN,ON,Toronto,Whitby,1,2008-01-01,2013-01-15,2013-01-15
360learning,360Learning,http://en.360learning.com/,Communities@@Corporate Training@@Education,1543920,operating,FRA,A8,Paris,Paris,1,2010-01-01,2013-09-30,2013-09-30
360quan,360Quan,http://www.360quan.com,Internet@@Social Media@@Social Network Media,23000000,operating,,,,,3,2006-03-28,2006-02-08,2008-07-01
360shop,360SHOP,http://www.360shop.com.cn,Enterprise Software,1623640,operating,CHN,,,,1,,2013-03-01,2013-03-01
360t,360T,http://www.360t.com,Finance@@FinTech,-,acquired,DEU,5,Frankfurt,Frankfurt,1,2000-01-01,2012-02-16,2012-02-16
365-data-centers,365 Data Centers,http://365datacenters.com,Data Centers@@Information Technology@@Internet@@Services,16000000,operating,USA,CA,SF Bay Area,Emeryville,1,2012-01-01,2014-09-10,2014-09-10
365-docobites,365 docobites,http://365docobites.com/,Entertainment,-,operating,AUS,2,Sydney,Sydney,1,2013-01-01,2014-03-31,2014-03-31
365-good-teacher,365 Good Teacher,http://www.365hls.com/,Finance,-,operating,,,,,1,,2014-04-01,2014-04-01
365-retail-markets,365 Retail Markets,http://www.365retailmarkets.com,Point of Sale@@SaaS@@Software,-,operating,USA,MI,Detroit,Troy,3,2009-08-01,2013-04-01,2015-05-29
365looks,365looks,http://365looks.com,Artificial Intelligence@@Fashion@@Technology,609229,operating,ESP,,,,4,2011-12-12,2011-12-01,2012-09-01
365scores,365Scores,http://biz.365scores.com,Android@@Apps@@iPhone@@Mobile@@Sports,6700000,operating,GBR,H9,London,London,2,2008-01-01,2013-01-28,2014-09-29
365webcall,365webcall,http://www.365webcall.com,Enterprises@@Enterprise Software,-,operating,CHN,2,Hangzhou,Hangzhou,1,,2004-03-01,2004-03-01
36kr,36Kr,http://36kr.com,Blogging Platforms@@Internet@@Public Relations@@Social Media@@Startups,1573976,operating,CHN,22,Beijing,Beijing,3,1999-01-01,2011-04-01,2015-10-15
37coins,37coins,http://www.37coins.com,Bitcoin,525000,operating,USA,CA,SF Bay Area,Sunnyvale,2,2014-01-01,2014-03-15,2014-06-01
37mhealth,37mhealth,http://www.37mhealth.com/,Mobile,1629549,operating,CHN,,,,1,2013-01-01,2014-03-01,2014-03-01
37signals,Basecamp,https://basecamp.com/,Project Management@@SaaS@@Social Media@@Software,-,operating,USA,IL,Chicago,Chicago,1,1999-01-01,2006-07-01,2006-07-01
38-zeros,38 Zeros,http://www.38zeros.com/,Software,800000,operating,USA,OR,"Portland, Oregon",Portland,1,,2015-03-11,2015-03-11
382-communications,382 Communications,http://382com.com,Mobile,1600000,operating,USA,MA,Boston,Quincy,1,2010-01-01,2012-01-13,2012-01-13
39-health,39 Health,http://corp.39.net,Health and Wellness,3750000,operating,CHN,30,Guangzhou,Guangzhou,2,,2006-03-01,2007-03-01
3baysover,3BaysOver,http://www.3baysover.com,Networking@@Online Travel@@Travel,1719583,operating,CHE,7,Geneva,Geneva,2,2011-08-01,2011-08-01,2014-07-10
3c-interactive,3Cinteractive,http://www.3C.com,Business Services@@Marketing Automation@@Mobile,6000000,operating,USA,FL,Palm Beaches,Boca Raton,1,2005-01-01,2011-03-01,2011-03-01
3c-plus,3C Plus,http://www.3cplusnow.com,Cloud Computing@@Communications Hardware@@Contact Centers@@Customer Service@@Internet@@Software@@VoIP@@Web Development,75000,operating,BRA,18,Curitiba,Curitiba,1,2013-01-10,2013-01-10,2013-01-10
3ci,3CI,http://www.3ci.bz.it/en-US/Products.html,Biotechnology,133620,operating,ITA,6,Bolzano,Bolzano,1,2008-01-01,2011-01-01,2011-01-01
3claps-the-fastest-baby-fashion,3Claps,http://www.3claps.com,Babies@@Big Data Analytics@@E-Commerce@@Fashion@@Kids,35000,operating,USA,NY,New York City,New York,1,2015-02-01,2015-07-01,2015-07-01
3clickemr-corporation,3ClickEMR Corporation,http://www.3clickemr.com,Consumer Electronics@@Electronic Health Records@@Health Care@@iPad@@Software,500000,closed,USA,MA,Boston,West Roxbury,2,2010-06-23,2010-06-23,2011-06-01
3clogic,3CLogic,http://www.3clogic.com,Customer Service@@Sales and Marketing@@Software@@Telephony,9311190,operating,USA,MD,"Washington, D.C.",Rockville,4,2005-01-01,2013-01-14,2015-07-07
3crowd-technologies,XDN/3Crowd Technologies,http://www.3crowd.com,Enterprise Software,7289000,acquired,USA,CA,SF Bay Area,San Mateo,3,2010-01-01,2009-12-22,2012-07-01
3d-4u,3D-4U,http://3d-4u.com,3D@@3D Technology@@Events,750000,operating,USA,WA,WA - Other,Pullman,1,2012-01-01,2014-10-14,2014-10-14
3d-biomatrix,3D Biomatrix,http://3dbiomatrix.com,Biotechnology,1465000,operating,USA,MI,Detroit,Ann Arbor,2,2010-01-01,2009-10-05,2013-02-05
3d-by-flow,3D By Flow,http://3dbyflow.com/,Services,16674,operating,NLD,5,NLD - Other,Maastricht,1,,2015-06-30,2015-06-30
3d-control-systems,3DPrinterOS,http://www.3DPrinterOS.com,3D@@3D Printing@@3D Technology@@CAD@@Enterprise Software@@Industrial Automation@@Software,-,operating,USA,CA,SF Bay Area,San Francisco,1,2013-03-01,2013-11-10,2013-11-10
3d-data,3D Data,http://3ddataltd.com,3D Technology@@Sensors,500000,operating,USA,MA,Boston,Quincy,2,2013-01-01,2014-06-02,2015-02-19
3d-eye-solutions,3D Eye Solutions,http://www.3deyesolutions.com,3D@@3D Technology@@Digital Signage,380000,operating,USA,FL,Orlando,Longwood,2,,2008-08-11,2010-04-06
3d-forms,3D Forms,,,-,operating,,,,,1,,2013-09-16,2013-09-16
3d-future-vision-ii,3D FUTURE VISION II,http://www.3dfuturevision.com,Games,503000,closed,USA,FL,Orlando,Longwood,2,2011-01-01,2011-06-22,2013-03-21
3d-heights,3D HEIGHTS,http://3dheights.com,Photography@@Video,350000,operating,USA,NY,New York City,New York,1,2013-02-18,2015-01-14,2015-01-14
3d-hubs,3D Hubs,http://www.3dhubs.com,3D Printing@@Collaborative Consumption@@Local@@Marketplaces,4500000,operating,NLD,7,Amsterdam,Amsterdam,2,2013-04-01,2013-08-27,2014-09-02
3d-industri-es,3D Industri.es,http://www.3dindustri.es,3D@@Curated Web@@Manufacturing@@Search@@Supply Chain Management@@Visualization,1200000,operating,GBR,H9,London,London,2,2012-01-01,2012-03-01,2013-03-01
3d-intelligent-pathological-medical-image-solutions,3D Intelligent Pathological Medical Image Solutions,,Alumni,12500,operating,,,,,1,,2015-08-01,2015-08-01
3d-operations-inc,"3D Operations, Inc.",http://www.3dops.co,3D Printing@@Health and Wellness@@Health Care,7500,operating,USA,TN,Chattanooga,Chattanooga,1,2014-06-18,2014-05-15,2014-05-15
3d-product-imaging,3D Product Imaging,http://3dproductimaging.com/,3D@@3D Technology@@E-Commerce@@Internet@@Online Shopping,240000,operating,USA,WA,Seattle,Seattle,2,2013-01-01,2014-01-01,2014-05-15
3d-robotics,3D Robotics,http://3drobotics.com,Drones@@Manufacturing,99000000,operating,USA,CA,San Diego,San Diego,4,2009-01-01,2012-11-05,2015-04-23
3d-simo-2,3D simo,http://3dsimo.com,,-,closed,,,,,1,,2014-12-01,2014-12-01
3d-sound-labs,3D Sound Labs,http://www.3dsoundlabs.com,Hardware + Software,1168005,operating,FRA,A2,FRA - Other,Cesson-sévigné,1,2014-01-01,2015-03-12,2015-03-12
3d-sports-technology,3D Sports Technology,http://3dsportstech.com,Software,909940,operating,USA,MN,Minneapolis,Minneapolis,3,2010-01-01,2011-01-21,2013-07-25
3d-systems,3D Systems,http://www.3dsystems.com,Software,169500000,ipo,USA,SC,SC - Other,Rock Hill,3,1986-01-01,2014-01-15,2014-10-13
3d-vision-systems,3d Vision Systems,,Hardware + Software,150000,operating,USA,MI,Detroit,Ann Arbor,1,2009-01-01,2012-12-03,2012-12-03
3d4medical-com,3D4Medical.com,http://applications.3d4medical.com,Health Care,16399999,operating,IRL,7,Dublin,Dublin,1,2004-01-01,2015-07-07,2015-07-07
3dbin,3DBin,http://3dbin.com,E-Commerce,400000,operating,USA,CA,SF Bay Area,Redwood City,1,2009-02-06,2014-10-12,2014-10-12
3dc,3DC,http://3dc.net/,Technology,-,acquired,BGR,42,Sofia,Sofia,1,2009-01-01,2009-01-01,2009-01-01
3dcart-shopping-cart-software,3dCart Shopping Cart Software,http://www.3dcart.com,E-Commerce,1250000,operating,USA,FL,Ft. Lauderdale,Lauderhill,1,1997-05-01,2010-01-01,2010-01-01
3dduo,3DDUO,http://www.3dduo.com/en,Business Services@@Video Games,701760,closed,FRA,B4,FRA - Other,Tourcoing,1,,2009-06-12,2009-06-12
3derm-systems,3Derm Systems,http://3derm.com,3D@@Medical@@Physicians,1880000,operating,USA,CT,Hartford,New Haven,4,2012-01-01,2013-04-02,2015-07-23
3diligent,3Diligent,http://www.3diligent.com,3D Printing@@Manufacturing,1150000,operating,USA,CA,Los Angeles,El Segundo,2,2014-07-23,2014-08-01,2015-03-15
3dim,3dim,http://3dimtech.com,3D Technology@@Human Computer Interaction@@Sensors,50000,operating,SVN,61,Ljubljana,Ljubljana,1,,2013-10-30,2013-10-30
3discovered,3Discovered,http://www.3discovered.com/,Automotive,-,operating,USA,IL,Chicago,Chicago,1,2013-01-01,2014-11-24,2014-11-24
3divaz-2,3DIVAZ,http://www.3divaz.ch/Home,,202250.031601567,closed,,,,,1,2014-07-01,2015-11-01,2015-11-01
3divaz-3,3DIVAZ,http://www.3divaz.ch/Home,,202250.031601567,operating,CHE,1,CHE - Other,Wildegg,1,2014-07-01,2015-11-01,2015-11-01
3divi-company,3DiVi Company,http://www.vicovr.com,3D@@Computer Vision@@Kinect@@Robotics@@Software,2670000,operating,RUS,13,RUS - Other,Miass,2,2011-04-01,2011-01-01,2012-10-01
3dlt-com,3DLT,http://3dlt.com,3D Printing@@Retail@@Technology,530000,operating,USA,KY,,,1,2012-12-01,2014-08-22,2014-08-22
3dmena,3Dmena,http://www.3Dmena.com,3D Printing@@3D Technology@@Printing,30000,operating,JOR,16,Amman,Amman,1,2014-08-03,2014-01-01,2014-01-01
3dmgame,3DMGAME,http://www.3dmgame.com/,Games@@Video,732064,operating,,,,,1,2001-01-01,2010-05-01,2010-05-01
3dphotoworks,3DPhotoWorks,http://www.3dphotoworks.com/,Printing,3000,operating,USA,NJ,Newark,Chatham,1,2011-01-01,2015-11-05,2015-11-05
3dphy-com,3DPhy.com,http://www.3dphy.com,Creative@@Digital Media,204952,closed,,,,,1,2013-11-21,2014-12-18,2014-12-18
3dplusme,3dplusme,http://3dplus.me,3D Printing,4247128,operating,USA,UT,Salt Lake City,Salt Lake City,3,,2014-04-06,2015-08-24
3dprintus,3DPrintus,http://3dprintus.ru,3D@@3D Printing@@Internet@@Manufacturing,220000,operating,,,,,1,2013-03-15,2014-01-15,2014-01-15
3dr-laboratories,3DR Laboratories,http://www.3drinc.com,Biotechnology,7436500,operating,USA,KY,Louisville,Louisville,2,,2009-05-29,2012-08-23
3dshook-2,3DShook,http://www.3dshook.com/,3D Printing@@Consumer Goods@@E-Commerce,-,operating,ISR,5,Tel Aviv,Tel Aviv,1,,2014-01-01,2014-01-01
3dsoc,3DSoC,http://www.3dsoc.com,3D@@Mobile,2065000,operating,IND,19,Bangalore,Bangalore,2,2006-06-01,2007-12-01,2010-08-01
3dt,3DT,http://3dtinc.com/,Finance@@Software@@Venture Capital,140000,operating,USA,AZ,Phoenix,Scottsdale,1,2014-02-01,2014-08-22,2014-08-22
3dvista,3DVista,http://www.3dvista.com,Curated Web,475000,operating,,,,,1,,2008-06-03,2008-06-03
3floz-com,3FLOZ,http://www.3floz.com,Automated Kiosk@@Brand Marketing@@Custom Retail@@Retail@@Travel,1387500,operating,USA,NY,New York City,New York,2,2009-11-01,2013-08-16,2015-01-16
3funnel,3Funnel,http://www.3funnel.com,Business Analytics@@E-Commerce@@Enterprise Software@@Visualization,-,operating,IRL,7,Dublin,Dublin,1,2013-02-01,2013-02-01,2013-02-01
3g-multimedia,3G Multimedia,http://www.3gm.hu,Android@@B2B@@Brand Marketing@@iPhone@@Mobile@@Music@@Video Streaming,1700000,operating,HUN,5,Budapest,Budapest,2,2009-09-15,2011-01-01,2012-07-01
3gear-systems,Nimble VR,http://nimblevr.com/,Software,2249999,acquired,USA,CA,SF Bay Area,San Francisco,2,2012-01-01,2012-03-30,2014-04-02
3guppies,3Guppies,,Music,20000000,operating,USA,WA,Seattle,Seattle,1,2003-01-01,2006-04-05,2006-04-05
3gv8-international-inc,3GV8 International Inc,http://www.v8.cn,Mobile,746185,operating,CHN,22,Beijing,Beijing,2,2005-07-01,2006-03-01,2007-02-01
3i-systems,3i Systems,http://www.3i-systems.com,Semiconductors,13708150,closed,CHN,5,Guangdong,Guangdong,3,2006-11-01,2007-08-20,2010-03-01
3is,3IS,http://www.3isinc.com/,,-,operating,,,,,1,,2008-05-02,2008-05-02
3jam,3Jam,http://3jam.com,Messaging@@SMS,4000000,operating,USA,CA,SF Bay Area,San Francisco,1,2005-01-01,2007-07-01,2007-07-01
3keyit,3KeyIt,http://www.long-associates.biz/,Software,-,operating,USA,AR,Fayetteville,Fayetteville,1,2007-02-01,2009-09-17,2009-09-17
3leaf,3Leaf,http://www.3leafsystems.com,Web Hosting,65000000,acquired,USA,CA,SF Bay Area,Santa Clara,3,2004-06-01,2005-01-01,2008-09-22
3lm,3LM,http://www.3lm.com,Android@@Enterprises@@Mobile,1500000,acquired,,,,,1,2010-07-01,2010-07-01,2010-07-01
3nder,3nder,http://www.3nderapp.com,iOS@@Location Based Services@@Mobile@@Online Dating@@Social Media,500000,operating,GBR,H9,London,London,2,2014-02-18,2014-05-09,2015-10-18
3p-biopharmaceuticals,3P Biopharmaceuticals,http://www.3pbio.com,Biotechnology@@Pharmaceuticals,4783500,operating,ESP,32,,,2,,2007-06-29,2008-02-05
3par,3PAR,http://www.3par.com,Cloud Data Services@@Services@@Software,148000000,acquired,USA,CA,SF Bay Area,Fremont,3,1999-01-01,2000-05-01,2004-02-10
3pillar-global,3Pillar Global,http://www.3pillarglobal.com,Consulting@@Software,25920000,operating,USA,VA,"Washington, D.C.",Fairfax,4,2006-08-01,2010-01-29,2013-06-06
3pl-central,3PL Central,http://3plcentral.com/,,17500000,operating,USA,CA,Los Angeles,Manhattan Beach,1,2006-01-01,2015-12-03,2015-12-03
3play-media,3Play Media,http://www.3playmedia.com,Software,1011601,operating,USA,MA,Boston,Cambridge,3,2007-01-01,2010-02-08,2011-10-21
3point5-com,3point5.com,http://www.3point5.com,Curated Web,1500000,operating,USA,UT,Salt Lake City,Salt Lake City,1,,2006-10-09,2006-10-09
3pointdata,3PointData,http://3pointdata.com,,-,operating,,,,,1,2008-01-01,2010-09-03,2010-09-03
3power-energy-group,3POWER ENERGY GROUP,http://www.3powerenergy.com,Clean Technology,50000000,operating,GBR,K4,Plymouth,Plymouth,1,,2011-03-11,2011-03-11
3rd-planet,3rd Planet,http://www.3rdplanet.com,Curated Web@@Tourism@@Travel,1500000,operating,CHN,,,,2,2010-05-23,2011-02-10,2012-05-01
3rdkind,3rdKind,http://3rdkind-inc.com,Game,1000000,operating,JPN,40,Tokyo,Tokyo,1,,2014-07-29,2014-07-29
3roam,3ROAM,http://www.3roam.com,Mobile,1394250,operating,FRA,B8,Nice,Mougins,1,2005-01-01,2008-11-14,2008-11-14
3scale,3scale,http://www.3scale.net,Developer APIs@@Enterprise Software@@Infrastructure@@Services@@Software,5000000,operating,USA,CA,SF Bay Area,San Francisco,2,2007-12-01,2010-04-20,2013-04-24
3scan,3Scan,http://www.3scan.com,Biotechnology,7063012,operating,USA,CA,SF Bay Area,San Francisco,4,2011-01-01,2011-08-31,2014-12-05
3seventy,3seventy,http://www.3seventy.com,App Marketing@@Software,2000000,operating,USA,TX,Austin,Austin,1,2008-01-01,2011-08-19,2011-08-19
3si-security-systems,3SI Security Systems,https://www.3sisecurity.com/,Physical Security@@Security,13000000,operating,USA,PA,Philadelphia,Malvern,1,1971-01-01,2002-07-29,2002-07-29
3sourcing,3Sourcing,http://www.3sourcing.com,Consulting@@Freelancers@@Human Resources@@Recruiting@@Search@@Social Commerce,-,operating,USA,CA,SF Bay Area,San Francisco,2,2012-01-01,2013-10-29,2014-05-01
3sp-group,3SP Group,http://www.3spgroup.com,Manufacturing,13780000,operating,FRA,A6,,,1,,2009-05-20,2009-05-20
3sun,3sun,http://3sungroup.com,Clean Technology,15152514,operating,GBR,I9,,,1,2007-01-01,2014-03-03,2014-03-03
3ten8,3TEN8,http://www.3ten8.com/,Software,1670000,operating,USA,CA,SF Bay Area,Santa Clara,1,2013-08-15,2015-04-15,2015-04-15
3tier-environmental-forecast-group,3TIER,http://www.3tier.com/en,Clean Technology,15000000,acquired,USA,WA,Seattle,Seattle,3,1999-01-01,2007-09-05,2010-02-25
3touch,3Touch,http://www.3touch.com,Software,272000,closed,IRL,29,IRL - Other,Athlone,1,2003-01-01,2007-05-01,2007-05-01
3v-transaction-services,3V Transaction Services,http://www.3vcorporate.com,Coupons@@Online Shopping@@Payments@@Retail Technology,50958896.6114209,acquired,IRL,7,Blackrock,Blackrock,2,2004-01-01,2006-10-31,2013-03-01
3vr-security,3VR,http://www.3vr.com,Security,64567194,operating,USA,CA,SF Bay Area,San Francisco,7,2002-01-01,2006-01-17,2015-01-13
3ware,3ware,http://www.3ware.com/,Databases@@Electronics@@Storage,26000000,acquired,USA,CA,SF Bay Area,Sunnyvale,1,,2003-02-11,2003-02-11
3x-systems,3X Systems,http://www.3x.com,Flash Storage@@Security,3393925,operating,USA,OH,"Columbus, Ohio",Columbus,2,2007-11-01,2008-02-20,2010-05-26
3yy-game-platform,3yy game platform,http://www.3yy.com,Games@@Video,163934,operating,CHN,12,CHN - Other,Tianhe,1,,2013-12-01,2013-12-01
4-33-creative-lab,4:33 Creative Lab,http://433.co.kr,Design@@Game@@Mobile Games,100000000,operating,KOR,11,Seoul,Seoul,1,,2014-11-13,2014-11-13
4-animals-alsterscience-gmbh,4 Animals AlsterScience GmbH,http://alsterscience.com/,Animal Feed@@Medical@@Specialty Foods,-,operating,DEU,4,Hamburg,Hamburg,1,,2014-10-10,2014-10-10
4-antibody-ag,4-Antibody AG,,,13660000,operating,,,,,1,,2007-01-16,2007-01-16
4-cast-broadcasting-corporation,4 Cast Broadcasting Corporation,http://4cast.tv/,Mobile@@Wireless,-,operating,USA,CO,CO - Other,Yellow Jacket,1,2013-05-06,2015-09-03,2015-09-03
4-tell,4-Tell,http://4-tell.com,E-Commerce,2374979,operating,USA,WA,WA - Other,Stevenson,6,2009-04-01,2011-07-01,2015-03-09
4-the-stars,4 the stars,http://www.4thestars.com/,Networking@@Web Hosting,1000,operating,BWA,9,BWA - Other,Ramotswa,1,2013-07-12,2014-05-14,2014-05-14
40-partners-ltd,40 Partners Ltd,http://www.40partners.com/,Creative Industries@@Entertainment@@Television,228187.783333164,operating,GBR,H9,London,London,1,,2013-07-01,2013-07-01
404-found,404 Found!,,Enterprise Software,6246800,operating,,,,,2,1997-01-01,1999-07-01,2000-07-01
405labs,405Labs,http://www.405labs.com/,Machine Learning@@Network Security,81000,operating,USA,CA,San Diego,San Diego,1,2014-01-01,2014-10-22,2014-10-22
40billion-com,40billion.com,http://www.40Billion.com,Crowdfunding@@Entrepreneur@@Finance@@FinTech@@Networking@@Peer-to-Peer@@Social Media@@Venture Capital,1050000,operating,USA,GA,Atlanta,Atlanta,3,2008-01-23,2008-04-01,2010-06-01
410-labs,410 Labs,http://410labs.com,Messaging,750000,operating,USA,MD,Baltimore,Baltimore,1,2010-01-01,2011-07-11,2011-07-11
41st-parameter,41st Parameter,http://www.the41st.com,Security,38064570,acquired,USA,CA,SF Bay Area,San Jose,4,2004-01-01,2006-05-08,2012-04-11
42,42,http://www.42technologies.com,Enterprise Software,-,operating,USA,CA,SF Bay Area,San Francisco,2,2013-01-01,2013-02-21,2014-05-16
422-group,422 Group,,Software,1000000,operating,USA,GA,Atlanta,Tucker,1,2004-01-01,2010-06-15,2010-06-15
425-307-3480,Loctronix,http://www.loctronix.com,Software,1000000,operating,USA,WA,Seattle,Woodinville,1,2006-01-01,2013-01-17,2013-01-17
42floors,42Floors,http://42floors.com,Commercial Real Estate@@Real Estate,17400000,operating,USA,CA,SF Bay Area,San Francisco,4,2011-01-01,2011-09-01,2013-01-31
42matters-ag,42matters AG,http://42matters.com,Advertising@@Android@@Curated Web@@Mobile@@Promotional,-,operating,CHE,25,Zurich,Zürich,2,2011-05-24,2011-09-12,2014-02-09
42networks,42Networks,http://www.42networks.com,Web Hosting,2258720,acquired,SWE,26,Stockholm,Kista,1,,2006-02-13,2006-02-13
42race,42Race,http://www.42race.sg,Online Travel@@Sports@@Travel,500000,closed,,,,,1,2015-05-01,2015-06-01,2015-06-01
43things,CAD CAD Design Services,http://www.thebegetter.com,Business Services@@Product Design,-,operating,USA,WA,Seattle,Seattle,1,2004-08-15,2004-11-01,2004-11-01
447-461-broadway-partners,447-461 Broadway Partners,http://www.lionandfoster.com/,Real Estate,-,operating,USA,CA,SF Bay Area,Corte Madera,1,,2014-04-01,2014-04-01
44lab5,44LAB5,http://44lab5.com,Creative@@Creative Industries@@Databases,450000,operating,USA,MD,MD - Other,La Plata,1,2015-01-05,2015-05-31,2015-05-31
46elks,46elks,http://www.46elks.com,Internet@@Telecommunications,485841.245076705,operating,SWE,21,Stockholm,Uppsala,2,2011-04-01,2012-08-24,2014-10-02
480-biomedical,480 Biomedical,http://www.480biomedical.com,Biotechnology,49656999,operating,USA,MA,Boston,Watertown,5,2011-01-01,2012-02-14,2015-06-19
48domain,48domain,http://www.48domain.com,Web Design,-,operating,USA,GA,Atlanta,Douglasville,1,2014-06-12,2014-06-28,2014-06-28
490-entertainment,490 Entertainment,,Entertainment@@Games,450000,operating,USA,NY,Long Island,Smithtown,1,1991-05-01,2014-08-15,2014-08-15
4blox,4Blox,http://www.4blox.com,Software,-,closed,USA,CA,SF Bay Area,San Jose,1,2006-08-01,2007-09-10,2007-09-10
4c-insights,4C,http://www.4cinsights.com,Analytics,-,operating,USA,IL,Chicago,Chicago,1,2011-01-01,2014-01-21,2014-01-21
4cable-tv,4Cable TV,http://4cable.tv,Clean Technology,20900,operating,USA,SC,Myrtle Beach,Conway,1,2005-01-01,2013-10-07,2013-10-07
4d-energetics,4D Energetics,http://4denergetics.com,Clean Technology@@Enterprise Software,1160000,operating,USA,CA,SF Bay Area,Menlo Park,2,,2012-09-01,2014-02-18
4d-molecular-therapeutics,4D Molecular Therapeutics,http://www.4dmoleculartherapeutics.com,Biotechnology,6999995,operating,USA,CA,SF Bay Area,Emeryville,1,2013-01-01,2015-08-13,2015-08-13
4deep,4Deep,http://4-deep.com/,Biotechnology,500000,operating,CAN,NS,Halifax,Halifax,1,2008-01-01,2015-11-20,2015-11-20
4dk-technologies,4DK Technologies,http://4dk.com,Mobile,3378975,acquired,USA,VA,"Washington, D.C.",Herndon,1,2005-01-01,2011-12-12,2011-12-12
4energy,4energy,,,-,operating,,,,,1,,2011-04-11,2011-04-11
4front-partners,4FRONT PARTNERS,,Anything Capital Intensive@@Investment Management@@Venture Capital,22000,operating,USA,FL,Sarasota - Bradenton,Sarasota,1,,2014-02-11,2014-02-11
4front-security,4Front Security,http://www.4frontsecurity.com,,-,closed,,,,,1,,2005-05-26,2005-05-26
4home,4Home,http://www.4home.com,Automotive@@Clean Energy@@Cloud Computing@@Internet@@Software@@Wireless,9416354,acquired,USA,CA,SF Bay Area,Sunnyvale,6,2006-01-01,2006-08-01,2010-02-03
4info,4INFO,http://www.4info.com,Ad Targeting@@Big Data Analytics@@Mobile Advertising,320288000,operating,USA,CA,SF Bay Area,San Mateo,8,2004-09-08,2005-03-01,2014-08-01
4less,4Less,http://golf4less.com.au,E-Commerce@@Marketplaces,1000000,operating,,,,,1,2012-03-01,2012-03-01,2012-03-01
4med-centra-medyczne,4Med Centra Medyczne,,,-,closed,,,,,1,,2008-01-01,2008-01-01
4meee,4meee,http://4meee.com,E-Commerce,500000,acquired,JPN,40,Tokyo,Tokyo,1,,2014-08-13,2014-08-13
4moms,4moms,http://www.4moms.com,Hardware + Software,60000000,operating,USA,PA,Pittsburgh,Pittsburgh,5,2005-01-01,2005-06-17,2015-09-29
4plat,4PLAT,http://www.4plat.com,Games,892898,operating,,,,,1,,2013-04-19,2013-04-19
4psa,4PSA,http://www.4psa.com,Cloud Computing@@Messaging@@Telephony@@Unifed Communications,6500000,operating,ROM,10,Bucharest,Bucharest,3,2002-02-18,2004-03-01,2013-05-09
4runners-entertainment,4Runners Entertainment,http://www.4runnerspoker.com,Games,100000,operating,GBR,H9,London,London,1,2014-10-08,2014-12-02,2014-12-02
4s91-com,4s91.com,http://yxb.4s91.com/,Mobile,10000000,operating,CHN,30,Guangzhou,Guangzhou,1,2011-03-01,2012-02-01,2012-02-01
4sc,4SC,http://www.4sc.de/,Human Resources@@Recruiting@@Social Recruiting,10511317,operating,DEU,2,DEU - Other,Planegg,1,,2003-05-21,2003-05-21
4scotty-gmbh,4Scotty GmbH,http://www.4scotty.com,Information Technology@@Recruiting@@Services,-,operating,DEU,16,Berlin,Berlin,1,2014-09-01,2015-02-01,2015-02-01
4screens,4screens,http://4screens.net/,,-,operating,,,,,1,,2015-03-10,2015-03-10
4soils,4Soils,http://www.4soils.com,Apps@@Education@@Kids@@Religion,50000,operating,USA,CA,SF Bay Area,Stanford,1,2012-01-01,2013-08-26,2013-08-26
4tech,4Tech,,Biotechnology,7000000,operating,USA,MA,Boston,Waltham,1,2011-01-01,2011-12-21,2011-12-21
4tell-solutions,4tell Solutions,http://www.4tellsolutions.com/,Financial Services@@Information Technology@@Optimization@@Technology,-,operating,,,,,1,,2014-12-04,2014-12-04
4th-aspect,4th aspect,http://www.4thaspect.com,Advertising@@Software,1121078,operating,GBR,N5,Sunderland Bridge,Sunderland Bridge,4,2010-03-10,2011-03-10,2013-08-15
4th-office,4th Office,https://www.4thoffice.com,Office Space,3607956,operating,GBR,,,,1,,2014-12-03,2014-12-03
4thetable,4theTable,http://www.4thetable.com,,500000,operating,,,,,1,2014-06-01,2015-11-11,2015-11-11
4tiitoo,4tiitoo GmbH,http://www.4tiitoo.com,3D Technology@@Augmented Reality@@Computers@@Computer Vision@@Enterprise Software@@Human Computer Interaction@@Mobile@@Predictive Analytics@@Software@@Speech Recognition@@Tablets@@User Experience Design,-,operating,DEU,2,Munich,Munich,3,2013-12-10,2011-11-15,2014-08-18
4urspace,4URSPACE,http://www.4urspace.com,Real Estate@@Retail@@Service Providers,50000,operating,USA,NY,New York City,New York,1,2013-01-24,2015-08-13,2015-08-13
4vets,4vets,http://4vets.com.br,Pets,762500,operating,BRA,2,Sao Paulo,São Paulo,1,2013-08-01,2013-08-29,2013-08-29
4wave,4wave,http://www.4waveinc.com/,Technology,-,operating,USA,VA,Norfolk - Virginia Beach,Virginia Beach,1,,2004-07-27,2004-07-27
4x4-aviation,4x4 Aviation,http://www.4x4aviation.com/,Aerospace,95445,operating,GBR,G5,Kent,Kent,1,2013-01-01,2014-02-01,2014-02-01
5-cups-and-some-sugar,5 CUPS and some sugar,http://5cups.de,Curated Web,385980,operating,,,,,1,2012-01-01,2013-07-23,2013-07-23
5-examples,5 examples,http://5examples.com,Software,250000,operating,USA,NC,Raleigh,Morrisville,1,2004-01-01,2010-07-14,2010-07-14
5-million-shoppers,5 Million Shoppers,http://5mshoppers.com/,Internet@@Mobile,15000,operating,USA,TX,Dallas,Dallas,1,,2014-08-07,2014-08-07
5-minutes,5 Minutes,,Games,3500000,operating,CHN,23,Shanghai,Shanghai,1,,2009-12-21,2009-12-21
5-oclock-records,ChartRequest,http://www.chartrequest.com,Software,740000,operating,USA,NY,New York City,New York,2,2012-01-01,2012-03-29,2013-01-08
5-screens-media,5 Screens Media,http://www.5screensmedia.com/,Business Services,-,operating,,,,,2,2013-10-28,2014-06-15,2014-08-07
5-star-mobile,5 Star Mobile,http://www.5starmobiles.com/,Consumer Electronics@@Mobile Devices,180000,operating,USA,FL,Ft. Lauderdale,Fort Lauderdale,1,2013-07-23,2014-02-20,2014-02-20
5-star-quarterback,5 Star Quarterback,http://www.5starquarterback.com,Sports,-,operating,USA,RI,Providence,Johnston,1,2011-08-01,2011-09-08,2011-09-08
5-stars-vacation-rentals,5 Stars Vacation Rentals,,Real Estate@@Travel,-,operating,USA,SC,Myrtle Beach,North Myrtle Beach,1,2014-07-12,2014-11-15,2014-11-15
50-cubes,50 Cubes,http://www.50cubes.com,Fashion@@Online Gaming@@Social Games@@Women,-,operating,USA,CA,SF Bay Area,San Francisco,1,,2012-01-01,2012-01-01
50-partners,50 Partners,http://www.50partners.fr,Finance@@Incubators@@Venture Capital,-,operating,FRA,A8,Paris,Paris,1,2012-07-01,2012-02-01,2012-02-01
500-luchadores,500 Luchadores,,Online Shopping@@Services,2013000,operating,USA,CA,SF Bay Area,Mountain View,1,,2014-01-27,2014-01-27
500friends,500Friends,http://www.500Friends.com,E-Commerce@@Enterprise Software@@Loyalty Programs@@Social Media,12900000,acquired,USA,CA,SF Bay Area,San Francisco,6,2010-01-01,2009-12-15,2013-03-12
500indies,500Indies,http://www.500indies.com,Distribution@@Film Distribution@@Marketplaces@@Media,100000,operating,,,,,1,2014-08-15,2014-09-01,2014-09-01
500px,500px,http://500px.com,Apps@@Internet@@Photography@@Promotional@@Sales and Marketing,22325000,operating,CAN,ON,Toronto,Toronto,7,2009-10-01,2011-06-03,2015-07-21
500shops,500Shops,http://500shops.com,E-Commerce@@Online Shopping@@Software,5000,operating,NGA,5,Lagos,Yaba,1,,2013-12-01,2013-12-01
51-auto,51 Auto,http://www.51auto.cn,Automotive,4500000,closed,,,,,1,,2008-06-01,2008-06-01
51-com,51.com,http://51.com,Software,27000000,operating,CHN,23,Shanghai,Shanghai,3,2005-01-01,2006-05-01,2007-07-01
51-give,51 Give,http://www.51give.org,Carbon@@Environmental Innovation@@Green@@Nonprofits,-,operating,CHN,22,Beijing,Beijing,1,2007-09-01,2008-06-10,2008-06-10
51-qiangzuo,51 Qiangzuo,http://www.51qiangzuo.com/,,-,operating,,,,,1,,2010-08-08,2010-08-08
5151tuan,5151tuan,http://www.5151tuan.com/,Real Estate,2928257,operating,CHN,,,,1,2009-01-01,2010-05-01,2010-05-01
5173-com,5173.com,http://5173.com,E-Commerce,9300000,operating,CHN,2,CHN - Other,Jinhua,3,2002-11-01,2004-03-01,2007-12-01
51credit-com,51credit.com,http://www.51credit.com,Finance,10000000,operating,CHN,22,Beijing,Beijing,2,,2006-01-01,2007-07-01
51cto,51CTO,http://www.51cto.com/,,16000000,operating,CHN,22,Beijing,Beijing,1,,2015-11-23,2015-11-23
51edj,51edj,http://www.51edj.com,E-Commerce,1158814,operating,CHN,22,Beijing,Beijing,2,,2012-03-01,2012-12-01
51edu,51edu,http://www.51edu.com/,Education,-,operating,CHN,22,Beijing,Beijing,2,2001-01-01,2006-01-01,2010-01-01
51hejia-com,51hejia.com,http://51hejia.com,Curated Web,10000000,operating,CHN,23,Shanghai,Shanghai,1,,2007-07-26,2007-07-26
51intern-com-2,51intern.com 英腾网,http://www.51intern.com,Career Management@@Human Resources@@Search@@SNS@@Social Media@@Universities,-,operating,CHN,23,Shanghai,Shanghai,1,2010-05-18,2010-11-01,2010-11-01
51talk,51Talk,http://www.51talk.com,Education,65100000,operating,CHN,22,Beijing,Beijing,4,2011-01-01,2011-12-01,2014-10-23
51tour,51tour,http://www.51tour.com/,Leisure@@Tourism@@Travel,-,operating,CHN,22,Beijing,Beijing,1,,2015-02-04,2015-02-04
51wan,51wan,http://www.51wan.com,Games,1500000,operating,CHN,22,Beijing,Beijing,2,2007-08-01,2008-04-01,2010-08-01
51wofang-无忧我房,51wofang 无忧我房,http://www.51wofang.com,,5000000,closed,,,,,1,2014-01-01,2015-07-06,2015-07-06
51yongche,51yongche,http://51yche.com,Android@@Mobile@@Software,-,operating,CHN,22,Beijing,Beijing,1,2013-12-01,2015-04-11,2015-04-11
51zhangdan,51Zhangdan,http://www.51zhangdan.com/index.html,Internet,65000000,operating,CHN,2,Hangzhou,Hangzhou,3,,2012-01-01,2015-02-05
5211game,5211game,http://www.5211game.com,Games,1000000,operating,CHN,23,Shanghai,Shanghai,1,,2009-12-01,2009-12-01
525j-com-cn,525j.com.cn,http://www.525j.com.cn,Manufacturing,-,operating,,,,,1,2003-01-01,2012-08-01,2012-08-01
52masterworks,52masterworks,https://www.52masterworks.com,Art@@Creative@@Creative Industries,234705,operating,DEU,2,Munich,Munich,3,2013-11-12,2015-05-01,2015-05-01
556-fitness,556 Fitness,,,-,operating,USA,MD,MD - Other,Waldorf,1,2009-06-15,2010-12-12,2010-12-12
55social,55social,http://55social.com,Software,3000000,operating,,,,,1,2011-07-14,2011-11-01,2011-11-01
55tuan-com,55tuan.com,http://www.55tuan.com,E-Commerce,200000000,operating,CHN,22,Beijing,Beijing,2,2010-03-15,2010-12-01,2011-07-01
56-com,56.com,http://www.56.com,Photography,30000000,acquired,CHN,30,Guangzhou,Guangzhou,2,2005-04-01,2007-06-01,2007-12-01
58-com,58.com,http://www.58.com,Curated Web@@Internet@@Software,876780000,ipo,CHN,19,CHN - Other,Chaoyang,6,2005-01-01,2006-02-01,2014-06-27
58daojia,58 Daojia,http://daojia.58.com/,Consumer Internet,300000000,operating,,,,,1,2014-09-01,2015-10-12,2015-10-12
591wed,591wed,http://591wed.com,Curated Web,10000000,operating,CHN,22,Beijing,Beijing,1,,2013-12-03,2013-12-03
59saniye,59Saniye,http://www.59saniye.com/,Video,-,operating,,,,,1,2012-01-01,2013-01-31,2013-01-31
59sec-2,59sec,https://www.59sec.com,Advertising@@Lead Management@@Sales and Marketing,27428.6215837652,closed,,,,,1,2015-08-22,2015-08-01,2015-08-01
5app,5app,http://5app.com/,Mobile@@Software@@Web Design@@Web Development,5100000,operating,GBR,H9,London,London,1,2011-01-01,2014-06-12,2014-06-12
5barz-international,5BARz International,http://www.5barz.com,Mobile@@Technology@@Wireless,6100000,ipo,USA,WA,Seattle,Seattle,2,2008-01-01,2013-11-12,2014-11-17
5by,5by,http://www.5by.com,Apps@@Photography@@Photo Sharing,-,acquired,USA,CA,SF Bay Area,San Francisco,1,2012-01-01,2013-02-28,2013-02-28
5dpnp,5DPnP,,3D@@Digital Media@@Graphics@@Printing,12500,operating,,,,,1,,2014-12-01,2014-12-01
5ensesinfood,5ensesinfood,https://www.facebook.com/pages/5ENSESINFOOD-SA/613329685364702,Food Processing@@Services,1848664,operating,,,,,1,2013-01-01,2013-01-01,2013-01-01
5gig,5gig,http://www.5gig.com,Music@@Ticketing@@Web Development,368750,operating,ESP,29,Madrid,Madrid,1,2007-12-01,2009-10-10,2009-10-10
5i-sciences,5i Sciences,http://www.5isciences.com/,Healthcare Services@@Life Sciences@@Medical,5955000,operating,USA,CA,San Diego,Rancho Santa Fe,2,,2014-08-11,2014-08-11
5k-fans,5k Fans,,Software,8000000,operating,USA,CA,Los Angeles,Los Angeles,1,,2009-06-10,2009-06-10
5m-ventures,5M Ventures,http://www.5m-ventures.com/fr,Startups,-,operating,FRA,A8,Paris,Paris,1,,2014-07-09,2014-07-09
5min,5min Media,http://www.5minmedia.com,Education@@Games@@Video,12800000,acquired,USA,NY,New York City,New York,3,2007-01-01,2007-04-01,2009-07-23
5minutes,5minutes,http://5minutes.to,Art@@Curated Web@@Photography@@Social Media,15873,operating,GBR,H9,London,London,1,2011-03-19,2012-03-19,2012-03-19
5nine-software,5nine Software,http://5nine.com,Information Technology@@Security@@Virtualization,-,operating,USA,NJ,Newark,Middletown,1,2009-01-01,2014-11-19,2014-11-19
5o9,5o9,http://www.3pmobile.com,Software,50000,operating,USA,CO,Denver,Boulder,1,2006-01-01,2013-05-14,2013-05-14
5rocks,5Rocks,http://www.5rocks.io,Games,3987693,acquired,KOR,11,Seoul,Seoul,2,2013-06-18,2010-09-01,2013-09-03
5skills,5skills,http://5skills.me,Sales and Marketing@@Social Media,30000,operating,,,,,1,,2013-01-01,2013-01-01
5th-avenue-media,5th Avenue Media,http://5thavemedia.com,Advertising@@Digital Media@@Distribution@@Social Media,250000,operating,USA,NY,New York City,New York,1,2012-07-04,2012-09-02,2012-09-02
5th-finger,5th Finger,http://www.5thFinger.com,Mobile,7000000,acquired,USA,CA,SF Bay Area,San Francisco,1,2008-01-01,2008-06-13,2008-06-13
5th-planet-games,5th Planet Games,http://5thplanetgames.com,Games@@Mobile@@Mobile Games@@Online Gaming,3000000,operating,USA,CA,Sacramento,Roseville,1,2009-01-01,2014-07-16,2014-07-16
5to1,5to1,http://www.5to1.com,Advertising@@Internet@@Internet Marketing,17129760,acquired,USA,WA,Seattle,Seattle,4,2009-01-01,2009-06-17,2010-11-10
60frames-entertainment,60Frames Entertainment,http://60frames.com/,,3500000,closed,USA,CA,Los Angeles,Beverly Hills,1,,2007-08-02,2007-08-02
60mo,60mo,http://60mo.com,Accounting@@Business Development@@Finance@@Software@@Web Development,1300000,acquired,GBR,U8,Edinburgh,Edinburgh,3,2009-06-01,2009-06-29,2011-01-19
64-pixels,64 Pixels,http://64px.com,Browser Extensions@@Curated Web@@Social Media,100000,operating,USA,CA,SF Bay Area,Mountain View,1,2010-10-01,2010-10-01,2010-10-01
640-labs,640 Labs,http://www.640labs.com/,Software,3050000,acquired,USA,IL,Chicago,Chicago,3,2013-01-01,2014-06-20,2014-10-20
66-com,66. com,http://www.66good.com,Real Estate,-,operating,,,,,1,,2009-11-01,2009-11-01
6apt,6APT,http://www.6apt.com/,EdTech@@Education,-,operating,CHN,22,Beijing,Beijing,1,,2011-05-01,2011-05-01
6connect,6connect,http://www.6connect.net,Web Hosting,3019139,operating,USA,CA,SF Bay Area,San Francisco,2,2009-01-01,2011-08-23,2013-04-12
6cube,6Qube,http://www.6qube.com/,Information Services@@Information Technology@@Internet Marketing@@SEO,100000,operating,USA,TX,Austin,Cedar Park,1,2009-01-01,2014-10-29,2014-10-29
6d-global-technologies,6D Global Technologies,http://www.6dglobal.com,Services,11052498,ipo,USA,NY,New York City,New York,2,,2014-12-02,2015-08-20
6degrees,6degrees,http://www.get6degrees.com,Apps@@Contact Management@@Software,-,operating,SGP,,Singapore,Singapore,1,2013-06-01,2015-12-01,2015-12-01
6ep,6EP,http://6ep.co.uk/,,-,operating,GBR,H3,Leeds,Leeds,1,,2014-07-01,2014-07-01
6fusion,6fusion,http://www.6fusion.com,Enterprise Software,37143865,operating,USA,NC,Raleigh,Raleigh,5,2008-01-01,2010-08-23,2015-07-02
6n-silicon,6N Silicon,http://www.6nsilicon.com,Concentrated Solar Power@@Manufacturing@@Solar,5714285.71428571,acquired,CAN,ON,Toronto,Vaughan,1,2006-01-01,2007-07-14,2007-07-14
6px,6px,https://6px.io,Cloud Computing@@Cloud Data Services@@Developer APIs@@PaaS,-,operating,USA,CO,Denver,Boulder,1,2013-07-01,2014-03-21,2014-03-21
6renyou-com,6renyou.com,http://www.6renyou.com,Mobile,1000000,operating,CHN,22,Beijing,Beijing,2,2013-06-01,2014-01-01,2014-08-01
6rooms,6Rooms,http://www.6.cn,Photography,30500000,operating,CHN,,,,3,,2006-11-01,2012-01-01
6scan,6Scan,http://6scan.com,Security,-,operating,ISR,5,Tel Aviv,Tel Aviv,3,2011-01-01,2011-08-04,2014-02-24
6sense,6sense,http://www.6sense.com,B2B@@Predictive Analytics@@Sales and Marketing,32000000,operating,USA,CA,SF Bay Area,San Francisco,3,2013-01-01,2013-04-18,2015-02-19
6sensor-labs,6SensorLabs,http://www.6sensorlabs.com/,Health and Wellness@@Specialty Foods,8000000,operating,USA,CA,SF Bay Area,San Francisco,2,2013-10-01,2014-09-11,2014-09-12
6sicuro-it,6sicuro.it,http://6sicuro.it,Finance,3134880,operating,ITA,9,Milan,Milan,1,,2012-03-14,2012-03-14
6th-sense-analytics,6th Sense Analytics,http://www.sixthsenseanalytics.com,Software,6700000,acquired,USA,NC,Raleigh,Morrisville,2,2004-01-01,2005-11-11,2007-01-31
6th-wave-innovations-corporation,6th Wave Innovations Corporation,http://6wic.com/,Nanotechnology,2569720,operating,USA,MD,Baltimore,Arnold,2,2013-07-03,2014-04-29,2015-07-08
6tribes,6Tribes,http://6tribes.com/,Social Network Media,1556687,operating,GBR,H9,London,London,3,2014-01-01,2014-11-10,2015-11-10
6wunderkinder,6Wunderkinder / Wunderlist,https://www.wunderlist.com/home,Android@@Apps@@Cloud Computing@@Collaboration@@Email@@Finance@@Home & Garden@@Internet@@iOS@@iPad@@iPhone@@Mac@@Productivity Software@@Software@@Synchronization@@Task Management@@Web Development,23857750,acquired,DEU,,,,5,2010-09-01,2010-12-21,2013-11-12
7-billion-people,7 Billion People,http://www.7bpeople.com,Analytics@@E-Commerce@@Software,6528902,closed,USA,TX,Austin,Austin,3,2006-01-01,2009-02-09,2012-07-13
7-bites,7-bites,http://7-bites.com,Enterprise Software,295000,operating,JPN,,,,1,,2013-06-27,2013-06-27
7-cups-of-tea,7 Cups of Tea,http://www.7cups.com,Health and Wellness@@Health Care@@Health Services Industry,-,operating,USA,VA,Norfolk - Virginia Beach,Virginia Beach,2,2013-01-01,2013-03-01,2013-09-01
7-elements-studios,7 Elements Studios,http://www.7elementsstudios.com,Development Platforms@@Games@@Online Gaming,150000,operating,ISR,5,Tel Aviv,Tel Aviv,1,,2013-11-14,2013-11-14
7-oaks-pharmaceutical,7 Oaks Pharmaceutical,http://bensalhprx.com,Biotechnology,1613014,operating,USA,SC,Greenville - Spartanburg,Easley,1,1997-01-01,2011-06-06,2011-06-06
7-star-entertainment,7 Star Entertainment,http://www.7starent.com,Games,10000000,operating,USA,FL,Ft. Lauderdale,Pompano Beach,1,,2010-07-14,2010-07-14
700bike,700Bike,http://www.700bike.com/,Bicycles@@Communities,15000000,operating,CHN,22,Beijing,Beijing,1,2012-01-01,2015-03-26,2015-03-26
71lbs,71lbs,http://71lbs.com,Analytics@@Network Security@@Shipping@@Small and Medium Businesses@@Startups,2450000,operating,USA,FL,Ft. Lauderdale,Fort Lauderdale,5,2011-03-03,2012-03-20,2014-06-08
720,720°,http://720.fi,Analytics@@Health and Wellness@@Predictive Analytics,190035,operating,FIN,13,Helsinki,Espoo,1,2012-01-01,2014-10-23,2014-10-23
72798-com,72798.com,http://www.72798.com,E-Commerce,3107198,operating,CHN,22,Beijing,Beijing,1,2011-06-03,2011-08-01,2011-08-01
72lux,Shoppable,http://www.Shoppable.com/,Advertising@@Consumers@@E-Commerce@@Mobile Commerce@@Retail@@SaaS@@Software,1500000,operating,USA,NY,New York City,New York,2,2011-11-01,2011-10-26,2012-09-01
72xuan,72xuan,http://www.72xuan.com/,Manufacturing,-,operating,,,,,1,,2011-01-01,2011-01-01
77-pieces,77 Pieces,http://www.77-pieces.com,Curated Web,650000,closed,NZL,G2,Wellington,Wellington,1,2010-05-25,2011-03-01,2011-03-01
777-davis,777 Davis,,Technology,2875000,operating,USA,CA,SF Bay Area,San Leandro,1,2011-01-01,2011-10-03,2011-10-03
79-group,79 Group,http://www.79group.com/,Manufacturing,1500000,operating,USA,TX,Houston,Pearland,1,2012-04-01,2014-07-10,2014-07-10
7ac-technologies,7AC Technologies,http://7actech.com,Clean Technology,16036000,operating,USA,MA,Boston,Beverly,6,2009-01-01,2011-12-13,2015-06-26
7billionideas,7billionideas,http://www.7billionideas.com,Social Media,47570,operating,GBR,G7,Surbiton,Surbiton,1,2011-01-01,2012-04-07,2012-04-07
7digital,7digital,http://about.7digital.com,Content Creators@@Content Delivery@@Licensing@@Music@@Music Services@@Technology,20068328.451591,acquired,GBR,H9,London,London,4,2004-01-01,2005-09-01,2013-11-25
7dnei-net,7dnei.net,https://7dnei.net/,Broadcasting@@Business Services@@Training,120000,operating,,,,,1,2015-02-02,2014-02-05,2014-02-05
7fgame,7fgame,http://www.7fgame.com,Games,-,operating,CHN,23,Shanghai,Shanghai,1,2006-01-01,2009-12-01,2009-12-01
7k7k-com,7k7k.com,http://www.7k7k.com,Games,1136548,operating,CHN,22,Beijing,Beijing,2,2003-01-01,2010-05-01,2012-10-10
7mb-technologies,7mb Technologies,,Software,1017470,operating,USA,WA,Seattle,Seattle,3,2013-01-01,2013-10-28,2015-08-14
7park-data,7Park Data,http://7parkdata.com,Analytics@@B2B@@Big Data@@Business Intelligence@@Enterprises@@Enterprise Software@@Finance@@Mobile@@SaaS,3000000,operating,USA,NY,New York City,New York,1,2012-01-01,2015-08-26,2015-08-26
7signal-solutions,7signal Solutions,http://7signal.com,Web Hosting,9850000,operating,USA,OH,Akron - Canton,Akron,4,2006-01-01,2011-01-01,2013-10-15
7summits,7Summits,http://www.7summitsagency.com,Brand Marketing@@Communities@@Consulting@@Semantic Search@@SEO,600000,operating,USA,WI,Milwaukee,Milwaukee,3,2009-04-01,2010-01-01,2014-05-01
7tm-pharma,7TM Pharma,,Biotechnology@@Diabetes@@Therapeutics,22000000,operating,,,,,1,,2007-06-12,2007-06-12
7write,7write,http://7write.com,Publishing,269260,operating,NLD,7,Amsterdam,Amsterdam,2,2013-03-01,2013-04-02,2013-06-25
8-50-sports,850 Sports News Digest,http://850sportsapp.com/,Apps,500000,operating,GBR,H9,London,London,1,,2015-03-23,2015-03-23
8-inc,8 Inc.,http://www.weare8.com,Design@@Internet@@Shared Services,4500000,operating,USA,NY,New York City,New York,2,2013-03-01,2013-07-01,2014-08-01
8-securities-limited,8 Securities,http://www.8securities.com,Finance Technology@@FinTech@@Mobile@@Personal Finance@@Technology@@Wealth Management,17000000,operating,HKG,,Hong Kong,Hong Kong,2,2012-05-21,2012-01-04,2014-08-02
80-20-solutions,80/20 Solutions,http://www.8020solutions.com,Advertising@@Email@@Loyalty Programs@@Mobile@@SaaS@@Sales and Marketing@@Social Media@@Software,2100000,closed,CAN,ON,Toronto,Toronto,1,,2009-08-07,2009-08-07
80-degrees-west,80 Degrees West,http://80dwid.com,Home Decor@@Interior Design@@Internet,25000,operating,USA,PA,Pittsburgh,Pittsburgh,2,,2009-06-03,2010-05-17
800-com,800.COM,http://www.800.com/,Services,77000000,operating,USA,OR,"Portland, Oregon",Portland,2,,1999-11-30,2001-06-12
800app,800APP,http://www.800app.com,Networking@@Software@@Web Hosting,-,operating,CHN,22,Beijing,Beijing,2,2004-05-04,2008-11-08,2011-09-21
800razors,800razors,http://www.800razors.com,E-Commerce,100000,operating,USA,MD,"Washington, D.C.",Southern Md Facility,1,2012-01-01,2013-02-19,2013-02-19
8020publishing,8020 Media,http://www.8020media.com,Curated Web@@News@@Photography@@Publishing,-,operating,USA,CA,SF Bay Area,San Francisco,1,2006-06-01,2006-01-01,2006-01-01
8020select,8020select,http://8020select.com,Crowdsourcing@@Design@@Graphics,25000,operating,USA,PA,Pittsburgh,Pittsburgh,3,,2011-10-26,2013-02-06
80th-street-residence-facc-fund-i,80th Street Residence FACC Fund I,,Health and Wellness,5100000,operating,USA,CA,Anaheim,Newport Beach,1,2011-01-01,2011-11-18,2011-11-18
818-sports-entertainment,818 Sports & Entertainment,http://www.818se.com/,Digital Entertainment@@Entertainment@@Sports,27000000,operating,USA,NY,New York City,New York,2,2012-01-01,2013-03-15,2013-05-30
8218-west-third,8218 West Third,,Beauty@@Fashion@@Service Providers,400000,operating,USA,CA,Los Angeles,Los Angeles,1,,2006-02-20,2006-02-20
88-famibio,88 Famibio,,,-,closed,,,,,1,,2012-07-01,2012-07-01
8868,8868,http://www.8868.cn,E-Commerce@@Games,-,operating,CHN,,,,1,2012-01-01,2013-12-01,2013-12-01
88tc88,88tc88,http://88tc88.com,Mobile,-,operating,,,,,1,,2012-05-21,2012-05-21
89-bits-entertainment-studio,89 Bits Entertainment Studio,http://www.89bits.es,Entertainment@@Games@@Media,55398,operating,ESP,27,Logrono,Logroño,1,,2014-05-01,2014-05-01
8aweek,8aweek,http://8aweek.com,Curated Web@@Task Management,-,closed,,,,,1,2008-01-01,2008-03-02,2008-03-02
8bit-2,8bit,http://www.get8bit.com,Advertising@@Content Discovery,140000,operating,GBR,H9,London,London,2,2013-02-01,2014-02-01,2014-07-01
8digits,8digits,http://www.8digits.com,Analytics@@Big Data@@E-Commerce@@Marketing Automation@@Sales and Marketing,-,operating,TUR,34,Istanbul,Istanbul,2,2012-01-03,2012-06-01,2013-11-28
8dworld,8D World,http://www.8dworld.com/English/Home.html,Games@@Virtual Worlds,12250000,closed,USA,MA,Boston,Woburn,2,,2008-03-01,2010-12-09
8eighty-wear,8eighty Wear,http://www.8eightywear.com/,Fashion,-,operating,USA,NY,New York City,New York,1,2012-03-15,2012-12-17,2012-12-17
8fit-fitness-for-the-rest-of-us,8fit - Fitness for the rest of us,http://8fit.com,Exercise@@Fitness@@Tracking,2730000,operating,USA,CA,SF Bay Area,Palo Alto,3,2014-03-01,2014-02-26,2015-08-31
8hands,8hands,http://www.8hands.com,Messaging@@Public Relations@@Social Media,1500000,closed,ISR,,,,2,,2008-01-01,2008-01-01
8i,8i,http://8i.com/,3D,14481680.93113,operating,,,,,2,2014-05-01,2014-08-07,2015-10-14
8minutenergy-renewables,8minutenergy Renewables,http://8minutenergy.com,Clean Technology,30000000,operating,USA,CA,Sacramento,Folsom,1,,2014-06-17,2014-06-17
8packs,8packs,http://www.8packs.com,Sports@@Technology,79501,operating,SGP,,,,2,2014-02-02,2014-03-01,2014-09-01
8th-story,8th Story,http://www.8thstory.com,E-Commerce@@Fashion@@Lifestyle@@Retail,-,operating,USA,CA,Los Angeles,Los Angeles,1,2013-01-01,2013-08-01,2013-08-01
8tracks,8tracks Radio,http://www.8tracks.com,Music,5279980,operating,USA,CA,SF Bay Area,San Francisco,3,2008-08-08,2012-10-26,2015-06-11
8trip,8Trip,http://8trip.cn,Travel,24600000,operating,CHN,4,Shanghai,Suzhou,1,2011-01-01,2013-11-13,2013-11-13
8villages,8villages,http://www.8villages.com,Analytics@@Apps@@Big Data@@E-Commerce@@Education@@Enterprise Software@@Internet of Things@@Media@@Mobile@@Payments@@SaaS@@Social Media,150000,operating,SGP,,Singapore,Singapore,1,2013-11-28,2013-12-01,2013-12-01
8wood,8WOOD,http://www.8wood.id,Fashion,-,operating,IDN,,,,1,2013-02-13,2015-05-05,2015-05-05
8x8-inc,8x8 Inc,https://www.8x8.com,Contact Centers@@Telecommunications@@Unifed Communications@@Video Conferencing,126000000,ipo,USA,CA,SF Bay Area,San Jose,1,1987-01-01,2013-11-20,2013-11-20
9-plus-studio,9+ Program,http://www.9plus.us,Consulting,4500000,operating,USA,CA,SF Bay Area,Menlo Park,2,2013-01-01,2013-07-11,2013-09-03
908-devices,908 Devices,http://908devices.com,Manufacturing,29300000,operating,USA,MA,Boston,Boston,4,2012-01-01,2012-09-05,2015-05-06
909c,909c,http://www.909c.fr/,Apps@@Publishing@@Social Media@@Social Media Marketing,1292301,closed,,,,,1,2010-01-01,2013-07-05,2013-07-05
90min,90min,http://www.90min.com,Media@@News@@Publishing@@Soccer@@Sports,38800000,operating,GBR,H9,London,London,3,2011-01-01,2013-05-07,2015-10-06
90sec-technologies,90sec Technologies,http://www.90sec.me,Apps@@Consumer Electronics@@Mobile@@Social Media@@Television@@Weddings,100000,operating,ISR,5,Tel Aviv,Tel Aviv,1,2013-06-30,2013-09-01,2013-09-01
91-boyuan-wireles,91 Boyuan Wireles,http://dev.91.com,Mobile,20000000,operating,CHN,3,Fuzhou Shi,Fuzhou Shi,1,,2011-12-01,2011-12-01
91-golf,91 Golf,http://www.91golf.com,Mobile,317460,operating,CHN,24,CHN - Other,Jincheng,1,,2012-01-01,2012-01-01
91-wireless,91 Wireless,http://www.91.com,Mobile,30000000,acquired,CHN,3,Fuzhou Shi,Fuzhou Shi,1,2010-09-01,2011-12-01,2011-12-01
911-pets,911 Pets,http://911pets.us/,,-,operating,USA,TX,Dallas,Dallas,1,2013-12-28,2013-12-28,2013-12-28
911-view,911 View,,,15000,operating,USA,TN,Chattanooga,Chattanooga,1,,2012-06-01,2012-06-01
915-labs-llc,915 Labs LLC,http://www.915labs.com,Food Processing,3000000,operating,USA,CO,Denver,Denver,2,2014-01-01,2014-11-20,2015-11-04
9158-julur-com,9158 Julur.com,http://www.9158.com/,Social Media,4502251,operating,CHN,22,Beijing,Beijing,1,,2010-12-01,2010-12-01
91app,91App,http://91app.com,Application Platforms@@Development Platforms@@Mass Customization,9000000,operating,CHN,4,Taiwan,Taiwan,1,,2015-03-24,2015-03-24
91datong-com,91datong.com,http://www.91datong.com/,Finance,63590263,operating,CHN,22,Beijing,Beijing,1,,2011-03-01,2011-03-01
